word,reading,pos,english
現像,げんぞう,N,developing (film)
原則,げんそく,N,"principle, general rule"
見地,けんち,N,point of view
現地,げんち,N,"actual place, local"
限定,げんてい,N,"limit, restriction"
原点,げんてん,N,"origin (coordinates, starting point)"
原典,げんてん,N,"original, source"
原爆,げんばく,N,atomic bomb
原文,げんぶん,N,"the text, original"
厳密,げんみつ,N,"strict, close"
賢明,けんめい,N,"wisdom, intelligence, prudence"
倹約,けんやく,N,"thrift, economy, frugality"
原油,げんゆ,N,crude oil
兼用,けんよう,N,"multi-use, combined use"
権力,けんりょく,N,"(political) power, authority, influence"
言論,げんろん,N,"discussion, speech"
語彙,ごい,N,"vocabulary, glossary"
恋する,こいする,V,"to fall in love with, to love"
甲,こう,N,1st in rank; shell
好意,こうい,N,"good will, favor, courtesy"
行為,こうい,N,"act, deed, conduct"
合意,ごうい,N,"agreement, consent, mutual understanding"
工学,こうがく,N,engineering
抗議,こうぎ,N,"protest, objection"
合議,ごうぎ,N,"consultation, conference"
皇居,こうきょ,N,Imperial Palace
好況,こうきょう,N,"prosperous conditions, healthy economy"
鉱業,こうぎょう,N,mining industry
興業,こうぎょう,N,starting a business; industry
高原,こうげん,N,"tableland, plateau"
交互,こうご,N,"mutual, reciprocal, alternate"
煌々と,こうこうと,N,brightly
考古学,こうこがく,N,archeology
工作,こうさく,N,"handicraft, maneuvering"
耕作,こうさく,N,"cultivation, farming"
鉱山,こうざん,N,mine
講習,こうしゅう,N,"short course, training"
口述,こうじゅつ,V,verbal statement
控除,こうじょ,N,"subsidy, deduction"
交渉,こうしょう,N,negotiation
高尚,こうしょう,N,"high, noble, refined"
向上,こうじょう,N,"rise, improvement, progress"
行進,こうしん,N,"march, parade"
香辛料,こうしんりょう,N,spices
降水,こうすい,N,"rainfall, precipitation"
洪水,こうずい,N,flood
合成,ごうせい,N,"synthetic, mixed"
公然,こうぜん,N,openly
抗争,こうそう,N,"dispute, resistance"
構想,こうそう,N,"plan, plot, idea, conception"
後退,こうたい,N,"retreat, backspace"
光沢,こうたく,N,"luster, glossy finish (of photographs)"
公団,こうだん,N,public corporation
好調,こうちょう,N,"satisfactory, in good shape"
口頭,こうとう,N,oral
講読,こうどく,N,reading
購読,こうどく,N,subscription
購入,こうにゅう,N,"purchase, buy"
公認,こうにん,N,"official recognition, authorization"
光熱費,こうねつひ,N,cost of fuel and light
購買,こうばい,N,"purchase, buy"
好評,こうひょう,N,"popularity, favorable reputation"
交付,こうふ,N,"delivering, furnishing (with copies)"
公募,こうぼ,N,"public appeal, public contribution"
巧妙,こうみょう,N,"ingenious, skillful, clever"
公用,こうよう,N,"government business, public use, public expense"
小売,こうり,N,retail
効率,こうりつ,N,efficiency
公立,こうりつ,N,public institution
護衛,ごえい,N,"guard, convoy, escort"
コーナー,コーナー,N,corner
小柄,こがら,N,"small, diminutive"
小切手,こぎって,N,"cheque, check"
国産,こくさん,N,domestic products
国定,こくてい,N,"state-sponsored, national"
告白,こくはく,N,"confession, acknowledgment"
国防,こくぼう,N,national defense
国有,こくゆう,N,national ownership
極楽,ごくらく,N,paradise
国連,こくれん,N,"U.N., United Nations"
焦げ茶,こげちゃ,N,dark brown
語源,ごげん,N,"word root, word derivation, etymology"
心地,ここち,N,"feeling, sensation, mood"
心得,こころえ,N,"knowledge, information"
心掛け,こころがけ,N,"readiness, intention, aim"
心掛ける,こころがける,V,"to bear in mind, to aim to do"
志,こころざし,N,"will, intention, motive"
志す,こころざす,V,"to plan, to intend, to aspire to"
心強い,こころづよい,N,"heartening, reassuring"
心細い,こころぼそい,N,"helpless, hopeless, discouraging"
試み,こころみ,N,"trial, experiment"
試みる,こころみる,V,"to try, to test"
快い,こころよい,N,"pleasant, agreeable"
誤差,ごさ,N,error
ございます (かん),ございます (かん),V,"to be (polite, to exist)"
孤児,こじ,N,orphan
こじれる,こじれる,V,"to get complicated, to grow worse"
梢,こずえ,N,treetop
個性,こせい,N,"individuality, personality, idiosyncrasy"
戸籍,こせき,N,"census, family register"
古代,こだい,N,ancient times
こたつ,こたつ,N,"table with heater, (originally) charcoal brazier in a floor well"
こだわる,こだわる,V,"to fuss over, to be particular about"
誇張,こちょう,N,exaggeration
こつ (をつかむ),こつ (をつかむ),N,"secret, trick, hang"
滑稽,こっけい,N,"funny, humorous, comical"
国交,こっこう,N,diplomatic relations
骨董品,こっとうひん,N,curio
固定,こてい,N,"fixation, fixing (e.g., salary, capital)"
事柄,ことがら,N,"matter, thing, affair, circumstance"
孤独,こどく,N,"isolation, loneliness, solitude"
ことごとく,ことごとく,N,"altogether, entirely"
言付け,ことづけ,V,to leave a message
殊に,ことに,N,"especially, above all"
粉々,こなごな,N,in very small pieces
好ましい,このましい,N,"nice, likable, desirable"
碁盤,ごばん,N,Go board
個別,こべつ,N,particular case
ごまかす,ごまかす,V,"to deceive, to falsify, to misrepresent"
細やか,こまやか,N,"meager, modest"
コマーシャル,コマーシャル,N,a commercial
込める,こめる,V,"to include, to put into"
コメント,コメント,N,comment
籠もる,こもる,V,"to seclude oneself, to be confined in"
固有,こゆう,N,"characteristic, tradition, peculiar"
暦,こよみ,N,"calendar, almanac"
凝らす,こらす,V,"to concentrate, to devote, to peer into"
ごらんなさい (かん),ごらんなさい (かん),N,"look, (please) try to do"
孤立,こりつ,N,"isolation, helplessness"
懲りる,こりる,V,"to learn by experience, to be disgusted with"
凝る,こる,V,"to stiffen, to harden"
根気,こんき,N,"patience; perseverance, energy"
根拠,こんきょ,N,"basis, foundation"
混血,こんけつ,N,"mixed race, mixed parentage"
コンタクト (レンズ),コンタクト (レンズ),N,contact; contact lens
昆虫,こんちゅう,N,"insect, bug"
根底,こんてい,N,"root, basis, foundation"
混同,こんどう,N,"confusion, mixing, merger"
コントラスト,コントラスト,N,contrast
コントロール,コントロール,N,control
コンパス,コンパス,N,compass
根本,こんぽん,N,"foundation, root, base"
財,ざい,N,"fortune, riches"
再会,さいかい,N,"meeting again, reunion"
災害,さいがい,N,"calamity, disaster, misfortune"
細菌,さいきん,N,"bacillus, bacterium, germ"
細工,さいく,N,"work, craftsmanship, trick"
採掘,さいくつ,N,mining
サイクル,サイクル,N,cycle
採決,さいけつ,N,"vote, roll call"
再建,さいけん,N,(temple or shrine) rebuilding
再現,さいげん,N,"reproduction, return, revival"
財源,ざいげん,N,"source of funds, resources, finances"
在庫,ざいこ,N,"stockpile, stock"
採算,さいさん,N,profit
サイズ,サイズ,N,size
再生,さいせい,N,"playback, regeneration, resuscitation"
財政,ざいせい,N,"economy, financial affairs"
最善,さいぜん,N,the very best
採択,さいたく,N,"adoption, selection, choice"
栽培,さいばい,N,cultivation
再発,さいはつ,N,"return, relapse, reoccurrence"
細胞,さいぼう,N,cell
採用,さいよう,N,"use, adopt"
遮る,さえぎる,V,"to interrupt, to intercept, to obstruct"
さえずる,さえずる,V,"to sing, to chirp, to twitter"
冴える,さえる,V,"to be clear, to be bright, to be skillful"
竿,さお,N,"rod, pole (e.g., for drying laundry)"
栄える,さかえる,V,"to flourish, to prosper, to thrive"
差額,さがく,N,"balance, difference, margin"
杯,さかずき,N,wine cup
逆立ち,さかだち,N,"handstand, headstand"
さきに (いぜん),さきに (いぜん),N,"before, earlier than, previously"
詐欺,さぎ,N,"fraud, swindle"
削減,さくげん,N,"cut, reduction"
錯誤,さくご,N,mistake
作戦,さくせん,N,"military operations, tactics, strategy"
叫び,さけび,N,"shout, scream, outcry"
捧げる,ささげる,V,"to lift up, to give, to offer"
差し掛かる,さしかかる,V,"to come near to, to approach"
指図,さしず,N,"instruction, mandate"
差し出す,さしだす,V,"to present, to submit, to hold out"
差し支える,さしつかえる,V,"to interfere, to hinder"
授ける,さずける,V,"to grant, to award, to teach"
摩する,さする,V,"to rub, to stroke"
さぞ (さぞや。さぞかし),さぞ (さぞや。さぞかし),N,"I am sure, certainly, no doubt"
定まる,さだまる,V,"to become settled, to be fixed"
定める,さだめる,V,"to decide, to determine"
座談会,ざだんかい,N,"symposium, round-table discussion"
雑,ざつ,N,"rough, crude"
雑貨,ざっか,N,"miscellaneous goods, general goods"
殺人,さつじん,N,murder
察する,さっする,V,"to guess, to sense, to judge"
雑談,ざつだん,N,"chatting, idle talk"
さっと,さっと,N,"suddenly, smoothly"
さっぱりする,さっぱりする,V,to refresh
悟る,さとる,V,"to attain enlightenment, to understand"
座標,ざひょう,N,coordinates
さほど,さほど,N,"not so, not that much"
サボる,サボる,V,to cut (skip) classes; to loaf on the job; to idle away one's time
寒気,さむけ,N,"chill, shiver, cold"
侍,さむらい,N,samurai
さも,さも,N,"with gusto, with satisfaction"
作用,さよう,N,"operation, effect, function"
障る,さわる,V,"to hinder, to interfere with, to affect"
酸,さん,N,acid
山岳,さんがく,N,mountains
参議院,さんぎいん,N,House of Councilors
産休,さんきゅう,N,maternity leave
サンキュー,サンキュー,N,thank you
残金,ざんきん,N,remaining money
産後,さんご,N,"postpartum, after childbirth"
残酷,ざんこく,N,"cruelty, harshness"
産出,さんしゅつ,N,"yield, produce"
参照,さんしょう,N,"reference, consultation, consultation"
参上,さんじょう,N,"calling on, visiting"
残高,ざんだか,N,"(bank) balance, remainder"
サンタクロース,サンタクロース,N,Santa Claus
桟橋,さんばし,N,"wharf, jetty, pier"
賛美,さんび,N,"praise, adoration, glorification"
山腹,さんぷく,N,"hillside, mountainside"
産婦人科,さんふじんか,N,maternity and gynecology department
産物,さんぶつ,N,"product, result, fruit"
山脈,さんみゃく,N,mountain range
仕上がり,しあがり,N,"finish, end, completion"
仕上,しあげ,N,"end, finishing touches"
仕上げる,しあげる,V,"to finish up, to complete"
飼育,しいく,N,"breeding, raising, rearing"
強いて,しいて,V,"to dare, to insist"
シート,シート,N,seat; sheet
ジーパン,ジーパン,N,jeans
仕入れる,しいれる,V,"to lay in stock, to replenish stock, to procure"
強いる,しいる,V,"to force, to compel, to coerce"
潮,しお,N,tide
歯科,しか,N,dentistry
自我,じが,N,"self, ego"
自覚,じかく,N,self-conscious
仕掛,しかけ,N,"device, trick, mechanism"
仕掛ける,しかける,V,"to lay, to set, to wage"
しかしながら,しかしながら,N,"however, nevertheless"
色彩,しきさい,N,color
式場,しきじょう,N,"ceremonial hall, place of ceremony (e.g., marriage)"
しきたり,しきたり,N,"custom, conventional practice, tradition"
事業,じぎょう,N,"project, enterprise, business"
軽蔑,けいべつ,N,"scorn, disdain"
経歴,けいれき,N,"personal history, career"
経路,けいろ,N,"course, route, channel"
けがらわしい,けがらわしい,N,"filthy, unfair"
劇団,げきだん,N,"troupe, theatrical company"
激励,げきれい,N,encouragement
ゲスト,ゲスト,N,guest
獣,けだもの,N,"beast, brute"
決,けつ,N,"decision, vote"
決意,けつい,N,"decision, determination"
結核,けっかく,N,tuberculosis
決議,けつぎ,N,"resolution, vote, decision"
結合,けつごう,N,"combination, union"
決算,けっさん,N,"balance sheet, settlement of accounts"
月謝,げっしゃ,N,monthly tuition fee
決勝,けっしょう,N,finals (in sports)
結晶,けっしょう,N,"crystal, crystallization"
結成,けっせい,N,formation
結束,けっそく,N,"union, unity"
げっそり,げっそり,N,"being disheartened, losing weight"
決断,けつだん,N,"decision, determination"
月賦,げっぷ,N,monthly installment
欠乏,けつぼう,N,shortage
蹴飛ばす,けとばす,V,"to kick away, to kick (someone)"
けなす,けなす,V,to speak ill of
煙たい,けむたい,N,"smoky, feeling awkward"
煙る,けむる,V,"to smoke (e.g., fire)"
家来,けらい,N,"retainer, retinue, servant"
下痢,げり,N,diarrhea
権威,けんい,N,"authority, power, influence"
兼業,けんぎょう,N,holding two jobs at the same time
原形,げんけい,N,"original form, base form"
原型,げんけい,N,"prototype, model, archetypal"
権限,けんげん,N,"power, authority, jurisdiction"
現行,げんこう,N,"present, current, in operation"
健在,けんざい,N,"in good health, well"
原作,げんさく,N,original work
検事,けんじ,N,public prosecutor
原子,げんし,N,atom
元首,げんしゅ,N,"ruler, sovereign"
原書,げんしょ,N,original document
懸賞,けんしょう,N,"offering prizes, winning, reward"
健全,けんぜん,N,"health, soundness, wholesome"
元素,げんそ,N,element
同調,どうちょう,N,"sympathy, agree with, alignment"
到底,とうてい,N,(cannot) possibly
動的,どうてき,N,"dynamic, kinetic"
尊い,とうとい,N,"precious, valuable, noble"
貴い,とうとい,N,"precious, valuable, noble"
同等,どうとう,N,"equality, equal, same rank"
堂々,どうどう,N,"magnificent, grand, impressive"
尊ぶ,とうとぶ,V,"to value, to prize, to esteem"
どうにか,どうにか,N,"in some way or other, one way or another"
投入,とうにゅう,N,"throw, investment, making (an electrical circuit)"
導入,どうにゅう,N,"introduction, bringing in, leading in"
当人,とうにん,N,"the one concerned, the said person"
同封,どうふう,N,"enclosure (e.g., in a letter)"
逃亡,とうぼう,N,escape
冬眠,とうみん,N,"hibernation, winter sleep"
同盟,どうめい,N,"alliance, union, league"
どうやら,どうやら,N,"it seems like, somehow or other"
動力,どうりょく,N,"power, motive power, dynamic force"
登録,とうろく,N,"registration, register, record"
討論,とうろん,N,discussion; debate
遠ざかる,とおざかる,V,to go far off
遠回り,とおまわり,N,"detour, roundabout way"
トーン,トーン,N,tone
とかく,とかく,N,"anyhow, anyway, in any case"
とがめる,とがめる,V,"to blame, to rebuke"
時折,ときおり,N,sometimes
とぎれる,とぎれる,V,"to pause, to be interrupted"
研ぐ,とぐ,V,"to sharpen, to grind, to polish"
特技,とくぎ,N,special talent; skill
独裁,どくさい,N,"dictatorship, despotism"
特産,とくさん,N,"specialty, special product"
独自,どくじ,N,"original, peculiar, characteristic"
特集,とくしゅう,N,"feature (e.g., newspaper, special edition, report)"
独占,どくせん,N,monopoly
独創,どくそう,N,originality
得点,とくてん,N,"score, points made"
特派,とくは,N,"send specially, special envoy"
特有,とくゆう,N,"characteristic (of, peculiar (to))"
とげ (をさす),とげ (をさす),N,thorn
遂げる,とげる,V,"to accomplish, to achieve, to carry out"
年頃,としごろ,N,"age, marriageable age, adolescence"
戸締り,とじまり,N,"closing up, locking the doors"
途上,とじょう,N,"en/in route, half way"
土台,どだい,N,"foundation, base, basis"
途絶える,とだえる,V,"to stop, to cease, to come to an end"
特許,とっきょ,N,"special permission, patent"
特権,とっけん,N,"privilege, special right"
とっさに,とっさに,N,at once
突如,とつじょ,N,"suddenly, all of a sudden"
とって,とって,N,"handle, grip, knob"
突破,とっぱ,N,"breaking through, breakthrough, penetration"
土手,どて,N,"embankment, bank"
届,とどけ,N,"report, notification, registration"
滞る,とどこおる,V,"to stagnate, to be delayed"
整える,ととのえる,V,"to put in order, to arrange, to adjust; to get ready, to prepare; to raise money"
唱える,となえる,V,"to recite, to chant, to call upon"
殿様,とのさま,N,feudal lord
土俵,どひょう,N,arena
扉,とびら,N,"door, opening"
溝,どぶ,N,"ditch, drain, gap"
徒歩,とほ,N,"walking, going on foot"
土木,どぼく,N,public works
とぼける,とぼける,V,"to play dumb, to feign ignorance, to play innocent, to have a blank facial expression; to play the fool; to be in one's dotage"
乏しい,とぼしい,N,"meager, scarce, hard up, poor"
富,とみ,N,"wealth, fortune"
富む,とむ,V,"to be rich, to become rich"
共稼ぎ,ともかせぎ,N,"working together, (husband and wife) earning a living together"
伴う,ともなう,V,"to accompany, to bring with"
共働き,ともばたらき,N,dual income (husband and wife both working)
ドライ,ドライ,N,dry
ドライクリーニング,ドライクリーニング,N,dry cleaning
ドライバー,ドライバー,N,"driver, screwdriver"
ドライブイン,ドライブイン,N,drive in
トラブル,トラブル,V,trouble (sometimes used as a verb)
トランジスター,トランジスター,N,transistor
とりあえず,とりあえず,N,"at once, first of all, for the time being"
取扱,とりあつかい,N,"treatment, handling, management"
取り扱う,とりあつかう,V,"to treat, to handle, to deal in"
鳥居,とりい,N,Shinto shrine archway
取り替え,とりかえ,N,"swap, exchange"
取り組む,とりくむ,V,"to tackle, to engage in a bout, to come to grips with"
取締り,とりしまり,N,"control, crackdown, supervision"
取り締まる,とりしまる,V,"to crack down, to control, to supervise"
取り調べる,とりしらべる,V,"to investigate, to examine"
取り立てる,とりたてる,V,"to collect, to extort"
取り次ぐ,とりつぐ,V,"to act as an agent for, to announce (someone), to convey (a message)"
取り付ける,とりつける,V,"to furnish, to install; to get someone's agreement"
取り除く,とりのぞく,V,"to remove, to take away, to set apart"
取引,とりひき,N,"transactions, dealings, business"
取り巻く,とりまく,V,"to surround, to circle, to enclose"
取り混ぜる,とりまぜる,V,"to mix, to put together"
取り戻す,とりもどす,V,"to take back, to regain"
取り寄せる,とりよせる,V,"to order, to send away for"
ドリル,ドリル,N,drill
副,とりわけ,N,"especially, above all"
とろける,とろける,N,melt; to be enchanted with
鈍感,どんかん,N,"thickheadedness, stolidity"
とんだ,とんだ,N,"terrible, awful, serious, absolutely not"
度忘れ,どわすれ,N,"lapse of memory, forget for a moment"
問屋,とんや,N,wholesale store
内閣,ないかく,N,"cabinet, (government)"
乃至,ないし,N,"from...to, between...and, or"
内緒,ないしょ,N,"secrecy, privacy, secret"
内心,ないしん,N,"innermost thoughts, real intention, inmost heart"
内蔵,ないぞう,N,internal organ; built-in
ナイター,ナイター,N,"game under lights (e.g., baseball), night game"
内部,ないぶ,N,"interior, inside, internal"
内乱,ないらん,N,"civil war, domestic conflict"
内陸,ないりく,N,inland
苗,なえ,N,rice seedling
なおさら,なおさら,N,"all the more, still less"
流し,ながし,N,sink
長々,ながなが,N,"long, drawn-out, very long"
中程,なかほど,N,"middle, midway"
渚,なぎさ,N,"water's edge, beach, shore"
嘆く,なげく,V,"to sigh, to lament, to grieve"
投げ出す,なげだす,V,"to abandon, to throw out"
仲人,なこうど,N,"go-between, matchmaker"
和やか,なごやか,N,"mild, calm, harmonious"
名残,なごり,N,"remains, traces, memory"
情け,なさけ,N,"sympathy, compassion"
情無い,なさけない,N,"miserable, pitiable, shameful"
情深い,なさけぶかい,N,"tender-hearted, compassionate"
詰る,なじる,V,"to rebuke, to scold, to tell off"
名高い,なだかい,N,"famous, celebrated, well-known"
雪崩,なだれ,N,avalanche
懐く,なつく,V,to become emotionally attached
名付ける,なづける,V,to name
何気ない,なにげない,N,"casual, unconcerned"
なにとぞ,なにとぞ,N,"please, kindly, by all means"
なにより,なにより,N,"most, best"
ナプキン,ナプキン,N,napkin
名札,なふだ,N,"name plate, name tag"
生臭い,なまぐさい,N,"smelling of fish or blood, fish or meat"
生温い,なまぬるい,N,"lukewarm, halfhearted"
生身,なまみ,N,"living flesh, flesh and blood, the quick"
鉛,なまり,N,lead (the metal)
滑らか,なめらか,N,"smoothness, glassiness"
嘗める,なめる,V,to lick; to experience; to make fun of
悩ましい,なやましい,N,"seductive, melancholy, languid"
悩ます,なやます,V,"to bother, to harass, to molest"
悩み,なやみ,N,"trouble(s), worry, distress"
並びに,ならびに,N,and
成り立つ,なりたつ,V,"to consist of; to be practical (logical, feasible, viable), to be concluded, to hold true"
なるたけ,なるたけ,N,"as much as possible, if possible"
慣れ,なれ,N,"practice, experience"
馴々しい,なれなれしい,N,"familiar, make free with"
ナンセンス,ナンセンス,N,nonsense
何だか,なんだか,N,"a little, somewhat, somehow"
なんだかんだ,なんだかんだ,N,something or other
なんなり,なんなり,N,"anything, whatever"
荷,に,N,"load, baggage, cargo"
似通う,にかよう,V,to resemble closely
にきび,にきび,N,"pimple, acne"
賑わう,にぎわう,V,"to prosper, to flourish, to be crowded with people"
憎しみ,にくしみ,N,hatred
肉親,にくしん,N,"blood relationship, blood relative"
肉体,にくたい,N,"the body, the flesh"
逃げ出す,にげだす,V,"to run away, to escape from"
西日,にしび,N,westering sun
滲む,にじむ,V,"to run, to blur, to spread"
にせ物,にせもの,N,"imitation, counterfeit"
日夜,にちや,N,"day and night, always"
荷造り,にづくり,N,"packing, baling, crating"
担う,になう,V,"to carry on shoulder, to bear (burden), to shoulder (gun)"
鈍る,にぶる,V,"to become less capable, to grow dull, to become blunt, to weaken"
にも関わらず,にもかかわらず,N,"in spite of, nevertheless"
ニュアンス,ニュアンス,N,nuance
ニュー,ニュー,N,new
入手,にゅうしゅ,N,"obtaining, coming to hand"
入賞,にゅうしょう,N,winning a prize or place (in a contest
入浴,にゅうよく,N,"bathe, bathing"
尿,にょう,N,urine
認識,にんしき,N,"recognition, cognizance"
妊娠,にんしん,N,"conception, pregnancy"
任務,にんむ,N,"duty, mission, task"
任命,にんめい,N,"appointment, nomination, ordination"
抜かす,ぬかす,V,"to omit, to leave out"
抜け出す,ぬけだす,V,"to slip out, to sneak away, to excel"
主,ぬし,N,"owner, master, god"
沼,ぬま,N,"swamp, bog, pond"
音色,ねいろ,N,"tone color, timbre"
値打ち,ねうち,N,"value, worth, price"
ネガ,ネガ,N,(photographic) negative
寝かせる,ねかせる,V,"to put to bed, to lay down, to ferment"
ねじまわし,ねじまわし,N,screwdriver
捩れる,ねじれる,N,"twist, strain"
妬む,ねたむ,V,"to be jealous, to be envious"
ねだる,ねだる,V,"to nag, to demand"
熱意,ねつい,N,"zeal, enthusiasm"
熱湯,ねっとう,N,boiling water
熱量,ねつりょう,N,calorific value
粘り,ねばり,N,"stickiness, viscosity"
粘る,ねばる,V,"to be sticky, to be adhesive, to persist, to stick to"
値引き,ねびき,N,"price reduction, discount"
根回し,ねまわし,N,making necessary arrangements
眠たい,ねむたい,N,sleepy
練る,ねる,V,"to knead, to work over, to polish up"
念,ねん,N,"sense, feeling, desire"
年賀,ねんが,N,"New Year's greetings, New Year's card"
念願,ねんがん,N,"one's heart's desire, earnest petition"
年号,ねんごう,N,"name of an era, year number"
燃焼,ねんしょう,N,"burning, combustion"
年長,ねんちょう,N,seniority
燃料,ねんりょう,N,fuel
年輪,ねんりん,N,annual tree ring
ノイローゼ,ノイローゼ,N,neurosis (GER: Neurose)
農耕,のうこう,N,"farming, agriculture"
農場,のうじょう,N,farm
農地,のうち,N,agricultural land
納入,のうにゅう,N,"payment, supply"
逃す,のがす,V,"to let loose, to set free, to let escape"
逃れる,のがれる,V,to escape
軒並,のきなみ,N,row of houses; uniformly
望ましい,のぞましい,N,"desirable, hoped for"
乗っ取る,のっとる,V,"to capture, to occupy, to take over"
のどか,のどか,N,"tranquil, calm, quiet"
罵る,ののしる,V,"to speak ill of, to abuse"
延べ,のべ,N,"futures, credit (buying), stretching, total"
飲み込む,のみこむ,V,"to gulp down, to swallow deeply, to understand"
乗り込む,のりこむ,V,"to board, to get into (a car); to march into, to enter"
刃,は,N,"blade, sword"
バー,バー,N,bar
把握,はあく,N,"grasp, catch, understanding"
パート,パート,N,part-time job
廃棄,はいき,N,"disposal, abandon, discarding"
配給,はいきゅう,N,"distribution (e.g., films, rice"
ばい菌,ばいきん,N,"bacteria, germ(s)"
配偶者,はいぐうしゃ,N,spouse
拝啓,はいけい,N,-- a formal greeting used at the beginning of a letter --
背景,はいけい,N,"background, scenery, setting"
背後,はいご,N,"back, rear"
廃止,はいし,N,"abolition, repeal"
拝借,はいしゃく,N,(humble) (polite) borrowing
排除,はいじょ,N,"exclusion, removal, rejection"
賠償,ばいしょう,N,"reparations, indemnity, compensation"
排水,はいすい,N,drainage
敗戦,はいせん,N,"defeat, losing a war"
配置,はいち,N,"arrangement (of resources), disposition"
配布,はいふ,N,distribution
配分,はいぶん,N,"distribution, allotment"
敗北,はいぼく,V,defeat (as a verb it means 'to be defeated')
倍率,ばいりつ,N,"diameter, magnification"
配慮,はいりょ,N,"consideration, concern, forethought"
配列,はいれつ,N,"arrangement, array (programming)"
破壊,はかい,N,destruction
いたわる,いたわる,V,"to sympathize with, to console, to care for"
一概に,いちがいに,N,"unconditionally, necessarily"
著しい,いちじるしい,N,"remarkable, considerable"
一同,いちどう,N,"all present, all concerned, all of us"
一部分,いちぶぶん,N,"a part, a portion"
一別,いちべつ,N,parting
一面,いちめん,N,"one side, the other hand"
一目,いちもく,N,"a glance, a look, a glimpse"
一様,いちよう,N,"uniform, similar, equal"
一律,いちりつ,N,"even, uniform, equal"
一連,いちれん,N,"a series, a chain, a ream (of paper)"
一括,いっかつ,N,"all together, batch"
一気,いっき,N,"at one push, in one gulp"
一挙に,いっきょに,N,"at a stroke, with a single swoop"
一見,いっけん,N,"a look, a glimpse, glance; first meeting"
一切,いっさい,N,"without exception, the whole"
一心,いっしん,N,"one mind, with rapt attention"
いっそ,いっそ,N,"rather, sooner, might as well"
一変,いっぺん,N,complete change
意図,いと,N,"intention, aim, design"
営む,いとなむ,V,"to carry on (e.g., in ceremony), to run a business"
挑む,いどむ,V,to challenge
稲光,いなびかり,N,(flash of) lightning
祈り,いのり,N,"prayer, supplication"
いびき,いびき,N,snoring
今更,いまさら,N,"now, again"
未だ,いまだ,N,"yet, still"
移民,いみん,N,"emigrant, immigrant"
嫌々,いやいや,N,"reluctantly, by no means, unwillingly"
卑しい,いやしい,N,"greedy, vulgar, shabby"
いやに,いやに,N,"awfully, terribly"
いやらしい,いやらしい,N,"unpleasant, disgusting, indecent"
意欲,いよく,N,"will, desire, ambition"
威力,いりょく,N,"power, might, authority"
衣類,いるい,N,"clothes, clothing, garments"
異論,いろん,N,"different opinion, objection"
印鑑,いんかん,N,"stamp, seal"
陰気,いんき,N,"gloom, melancholy"
隠居,いんきょ,N,retirement; retired person
インターチェンジ,インターチェンジ,N,interchange
インターナショナル,インターナショナル,N,international
インターフォン,インターフォン,N,"entry phone, intercom"
インテリ,インテリ,N,"(abbr.) egghead, intelligentsia"
インフォメーション,インフォメーション,N,information
インフレ,インフレ,N,(abbr.) inflation
受かる,うかる,V,to pass (examination)
受け入れ,うけいれ,N,"receiving, acceptance"
受け入れる,うけいれる,V,"to accept, to receive"
受け継ぐ,うけつぐ,V,"to inherit, to succeed"
受け付ける,うけつける,V,"to be accepted, to receive (an application)"
受け止める,うけとめる,V,"to catch, to react to, to take"
受身,うけみ,N,"passive, passive voice"
受持ち,うけもち,N,"charge (of something), matter in one's charge"
動き,うごき,N,"movement, activity, trend"
嘘つき,うそつき,N,liar
うたた寝,うたたね,N,"dozing, napping"
打ち明ける,うちあける,V,"to confess, to be open"
打ち切る,うちきる,V,"to stop, to abort, to discontinue, to close"
打ち消し,うちけし,N,"(gram) negation, denial, negative"
打ち込む,うちこむ,V,"to devote oneself to, to shoot into"
団扇,うちわ,N,fan
内訳,うちわけ,N,"the items, breakdown, classification"
写し,うつし,N,"copy, duplicate"
訴え,うったえ,N,"lawsuit, complaint"
うっとうしい,うっとうしい,N,"weary, annoying"
うつむく,うつむく,V,"to look downward, to stoop"
空ろ,うつろ,N,"blank, hollow, empty"
器,うつわ,N,"bowl, vessel, container"
腕前,うでまえ,N,"ability, skill, facility"
雨天,うてん,N,rainy weather
促す,うながす,V,"to urge, to suggest, to demand"
うぬぼれ,うぬぼれ,N,"pretension, conceit, hubris"
生まれつき,うまれつき,N,"by nature, by birth, native"
埋め込む,うめこむ,V,"to embed, implant"
梅干し,うめぼし,N,dried plum
裏返し,うらがえし,N,"inside out, reverse"
売り出し,うりだし,N,(bargain) sale
売り出す,うりだす,V,"to put on sale, to market"
潤う,うるおう,V,to be moist; to profit by
浮気,うわき,N,"affair, to cheat"
上回る,うわまわる,V,to exceed
植わる,うわる,V,to be planted
運営,うんえい,N,"management, administration, operation"
うんざり,うんざり,N,"tedious, boring, being fed up with"
運送,うんそう,N,"shipping, freight"
運賃,うんちん,N,"freight rates, shipping expenses, (passenger) fare"
云々,うんぬん,N,"and so on, and so forth"
運搬,うんぱん,N,"transport, carriage"
運命,うんめい,N,fate
運輸,うんゆ,N,transportation
運用,うんよう,N,"making use of, application, practical use"
エアメール,エアメール,N,air mail
英字,えいじ,N,English letter (character)
映写,えいしゃ,N,projection
映像,えいぞう,N,"reflection, image"
英雄,えいゆう,N,"hero, great man"
液,えき,N,"liquid, fluid"
閲覧,えつらん,N,"inspection, reference, browse"
獲物,えもの,N,"game, spoils, trophy"
襟,えり,N,"neck, collar"
エレガント,エレガント,N,elegant
円滑,えんかつ,N,"harmony, smoothness"
縁側,えんがわ,N,"veranda, porch, balcony, open corridor"
沿岸,えんがん,N,"coast, shore"
婉曲,えんきょく,N,"euphemistic, indirect, insinuating"
演出,えんしゅつ,N,"production (erg. play, direction)"
エンジニア,エンジニア,N,engineer
演じる,えんじる,V,"to perform, to play (a part), to act"
演ずる,えんずる,V,"to perform, to play (a part), to act"
沿線,えんせん,N,along railway line
縁談,えんだん,N,marriage proposal
遠方,えんぽう,N,"long way, distant place"
円満,えんまん,N,"harmony, peace, smoothness"
追い込む,おいこむ,V,"to herd, to corner, to drive"
追い出す,おいだす,V,"to expel, to drive out"
於いて,おいて,N,"at, in, on"
老いる,おいる,V,"to age, to grow old"
応急,おうきゅう,N,emergency
黄金,おうごん,N,gold
往診,おうしん,N,"doctor's visit, house call"
応募,おうぼ,N,"subscription, application"
おおい (かん),おおい (かん),N,hey
大方,おおかた,N,"almost all, majority"
大柄,おおがら,N,"large build, large pattern"
おおげさ,おおげさ,N,"grandiose, exaggerated"
大筋,おおすじ,N,"outline, summary"
大空,おおぞら,N,"heaven, the sky"
オートマチック,オートマチック,N,automatic
大幅,おおはば,N,"full width, large scale, drastic"
おおまかな,おおまかな,N,"rough, approximate"
大水,おおみず,N,flood
公,おおやけ,N,public
犯す,おかす,V,"to perpetrate, to violate"
侵す,おかす,V,"to invade, to raid, to trespass"
臆病,おくびょう,N,"cowardice, timidity"
遅らす,おくらす,V,"to retard, to delay"
厳か,おごそか,N,"majestic, dignified"
行い,おこない,N,"conduct, behavior, action"
収まる,おさまる,V,to settle into; to be obtained
納まる,おさまる,V,to settle into; to be obtained
治まる,おさまる,V,"to be at peace, to calm down"
お産,おさん,N,(giving) birth
押し切る,おしきる,V,to have one's own way
押し込む,おしこむ,V,"to push into, to crowd into"
惜しむ,おしむ,V,"to be frugal, to value, to regret"
押し寄せる,おしよせる,V,"to push aside, to advance on"
雄,おす,N,male (animal)
御世辞,おせじ,N,"flattery, compliment"
襲う,おそう,V,to attack
遅くとも,おそくとも,N,at the latest
恐れ,おそれ,N,"fear, horror"
恐れ入る,おそれいる,V,"to be filled with awe, to feel small"
おだてる,おだてる,V,to flatter
落ち込む,おちこむ,V,to get depressed
落ち着き,おちつき,N,"calm, composure"
落葉,おちば,N,fallen leaves
乙,おつ,N,2nd in rank
お使い,おつかい,N,errand
おっかない,おっかない,N,"frightening, scary"
お手上げ,おてあげ,N,"given in, given up hope"
おどおど,おどおど,N,"coweringly, hesitantly"
脅す,おどす,V,"to threaten, to menace"
訪れる,おとずれる,V,to visit
お供,おとも,N,"attendant, companion"
衰える,おとろえる,V,"to become weak, to decline"
同い年,おないどし,N,of the same age
自ずから,おのずから,N,"naturally, as a matter of course"
怯える,おびえる,V,to become frightened
おびただしい,おびただしい,N,"abundantly, innumerably"
帯びる,おびる,V,"to bear, to carry, to be entrusted"
お袋,おふくろ,N,mother
覚え,おぼえ,N,"memory, sense, experience"
おまけ,おまけ,N,a discount; something additional
お宮,おみや,N,Shinto shrine
おむつ,おむつ,N,"diaper, nappy"
思い付き,おもいつき,N,"plan, idea, suggestion"
趣,おもむき,N,"flavor, appearance, quaint"
赴く,おもむく,V,"to go, to proceed"
重んじる,おもんじる,V,"to respect, to honor, to esteem, to prize"
重んずる,おもんずる,V,"to honor, to respect, to value"
親父,おやじ,N,"one's father, old man, one's boss"
及び,および,N,"and, as well as"
及ぶ,およぶ,V,"to reach, to extend"
折,おり,N,"chance, occasion"
檻,おり,N,"cage, pen, jail cell"
オリエンテーション,オリエンテーション,N,orientation
折り返す,おりかえす,V,"to turn up, to fold back"
織物,おりもの,N,"textile, fabric"
俺,おれ,N,I (ego) (boastful first-person pronoun)
愚か,おろか,N,"foolish, stupid"
おろそか,おろそか,N,"neglect, negligence, carelessness"
おんぶ,おんぶ,N,carrying on one's back (erg. Baby)
オンライン,オンライン,N,on-line
温和,おんわ,N,"gentle, mild, moderate"
我,が～,N,ego
カーペット,カーペット,N,carpet
改悪,かいあく,N,"deterioration, changing for the worse"
海運,かいうん,N,marine transportation
外貨,がいか,N,foreign money
改革,かいかく,N,"reform, reformation, innovation"
貝殻,かいがら,N,shell
外観,がいかん,N,"appearance, exterior, facade"
階級,かいきゅう,N,"class, rank, grade"
海峡,かいきょう,N,channel
会見,かいけん,N,"interview, conference"
介護,かいご,N,nursing
開催,かいさい,N,"holding a meeting, open an exhibition"
回収,かいしゅう,N,"collection, recovery"
改修,かいしゅう,N,"repair, improvement"
怪獣,かいじゅう,N,monster
解除,かいじょ,N,"cancellation, release, cancel"
外相,がいしょう,N,Foreign Minister
害する,がいする,V,"to harm, to offend"
概説,がいせつ,N,"general statement, outline"
回送,かいそう,N,forwarding
階層,かいそう,N,"class, level, stratum, hierarchy"
開拓,かいたく,N,"cultivation, pioneer"
会談,かいだん,N,"conversation, interview"
改定,かいてい,N,reform
改訂,かいてい,N,revision
ガイド,ガイド,N,guide
街道,かいどう,N,highway
該当,がいとう,N,"corresponding, answering to, coming under"
街頭,がいとう,N,in the street
ガイドブック,ガイドブック,N,guidebook
介入,かいにゅう,N,intervention
概念,がいねん,N,"general idea, concept, notion"
開発,かいはつ,N,"development, exploitation"
海抜,かいばつ,N,height above sea level
介抱,かいほう,N,"nursing, looking after"
解剖,かいぼう,N,"dissection, autopsy"
外来,がいらい,N,"(abbr.) imported, outpatient clinic"
回覧,かいらん,N,circulation
概略,がいりゃく,N,"outline, summary, gist"
海流,かいりゅう,N,ocean current
改良,かいりょう,N,"improvement, reform"
回路,かいろ,N,circuit (electric)
海路,かいろ,N,sea route
省みる,かえりみる,V,to reflect
顧みる,かえりみる,V,"to look back, to turn around, to review"
顔付き,かおつき,N,facial expression
課外,かがい,N,extracurricular
掲げる,かかげる,V,"to hoist, to fly (a sail), to float (a flag)"
かかと,かかと,N,shoe heel
書き取る,かきとる,V,"to write down, to take dictation"
掻き回す,かきまわす,V,"to stir up, to churn, to disturb"
かく (はじを),かく (はじを),V,to humiliate oneself
学芸,がくげい,N,"arts and sciences, liberal arts"
格差,かくさ,N,"difference, disparity"
拡散,かくさん,N,"scattering, diffusion"
学士,がくし,N,university graduate
各種,かくしゅ,N,"every kind, all sorts"
隔週,かくしゅう,N,every other week
確信,かくしん,N,"conviction, confidence"
革新,かくしん,N,"reform, innovation"
学説,がくせつ,N,theory
確定,かくてい,N,"fixed, decision"
カクテル,カクテル,N,cocktail
獲得,かくとく,N,"acquisition, possession"
楽譜,がくふ,N,"score (music, sheet music)"
確保,かくほ,N,"guarantee, insure, secure"
革命,かくめい,N,revolution
確立,かくりつ,N,establishment
賭,かけ,N,"betting, gambling, a gamble"
崖,がけ,N,cliff
駆け足,かけあし,N,"running fast, double time"
家計,かけい,N,"household economy, family finances"
駆けっこ,かけっこ,N,(foot) race
加工,かこう,N,"manufacturing, processing, treatment"
化合,かごう,N,chemical combination
かさばる,かさばる,V,to be bulky
かさむ,かさむ,V,"to pile up, to increase"
箇条書,かじょうがき,N,"itemized form, itemization"
微か,かすか,N,"faint, dim, weak"
霞む,かすむ,V,"to grow hazy, to be misty"
火星,かせい,N,Mars
化石,かせき,N,"fossil, petrifaction, fossilization"
河川,かせん,N,rivers
化繊,かせん,N,synthetic fibers
過疎,かそ,N,depopulation
片言,かたこと,N,"broken (in reference to speaking style, e.g., Japanese)"
傾ける,かたむける,V,"to incline, to tilt, to bend"
固める,かためる,V,"to harden, to freeze, to fortify"
傍ら,かたわら,N,"beside(s, while, nearby"
花壇,かだん,N,flower bed
家畜,かちく,N,"domestic animals, livestock, cattle"
且つ,かつ,N,"yet, and"
がっくり,がっくり,N,heartbroken
合唱,がっしょう,N,"chorus, singing in a chorus"
がっしり,がっしり,N,"firmly, solidly, tough"
合致,がっち,N,"agreement, concurrence, conforming to"
がっちり,がっちり,N,"solidly built, tightly"
かつて,かつて,N,"once, before, formerly"
勝手,かって,N,"kitchen; one's way, selfishness"
カット,カット,N,"cut, cutting"
活発,かっぱつ,N,"vigor, active"
合併,がっぺい,N,"combination, amalgamation, merger"
カテゴリー,カテゴリー,N,category
叶う,かなう,V,to come true
叶える,かなえる,V,"to grant (request, wish)"
金槌,かなづち,N,(iron) hammer
かなわない,かなわない,N,"be beyond one's power, be unable"
加入,かにゅう,N,"becoming a member, admission"
予て,かねて,N,"previously, already, lately"
庇う,かばう,V,"to protect someone, to&nbsp;&nbsp;cover up for someone"
株式,かぶしき,N,stock
かぶれる,かぶれる,V,to react to; to be influenced by
花粉,かふん,N,pollen
貨幣,かへい,N,"money, currency, coinage"
構える,かまえる,V,to set up
過密,かみつ,N,crowded
噛み切る,かみきる,V,"to bite off, to gnaw through"
カムバック,カムバック,N,comeback
カメラマン,カメラマン,N,cameraman
粥,かゆ,N,rice porridge
体付き,からだつき,N,"body build, figure"
絡む,からむ,V,"to entangle, to entwine"
かりに,かりに,N,"temporarily; if, for argument's sake"
カルテ,カルテ,N,clinical records (GER: Karte)
ガレージ,ガレージ,N,garage (at house)
過労,かろう,N,"overwork, strain"
かろうじて,かろうじて,N,"barely, narrowly"
交す,かわす,V,to exchange
代る代る,かわるがわる,N,alternately
簡易,かんい,N,"simplicity, easiness, quasi-"
灌漑,かんがい,N,irrigation
眼科,がんか,N,ophthalmology
眼球,がんきゅう,N,eyeball
玩具,がんぐ,N,toy
簡潔,かんけつ,N,"brevity, concise, simple"
還元,かんげん,N,"resolution, reduction, return"
看護,かんご,N,nursing
漢語,かんご,N,"Chinese word, Sino-Japanese word"
頑固,がんこ,N,"stubbornness, obstinacy"
勧告,かんこく,N,"advice, counsel"
換算,かんさん,N,"conversion, change, exchange"
監視,かんし,N,"observation, guarding, surveillance"
慣習,かんしゅう,N,usual (historical) custom
観衆,かんしゅう,N,"spectators, audience"
願書,がんしょ,N,application form
干渉,かんしょう,N,"interference, intervention"
頑丈,がんじょう,N,"solid, firm, strong"
感触,かんしょく,N,"sense of touch, feeling, sensation"
肝心,かんじん,N,"essential, fundamental, crucial"
肝腎,かんじん,N,"essential, fundamental, crucial"
関税,かんぜい,N,"customs, duty, tariff"
岩石,がんせき,N,rock
感染,かんせん,N,"infection, contagion"
幹線,かんせん,N,"main line, trunk line"
簡素,かんそ,N,"simplicity, plain"
観点,かんてん,N,point of view
感度,かんど,N,"sensitivity, severity (quake)"
カンニング,カンニング,N,"cunning, cheat"
元年,がんねん,N,first year (of a specific reign)
幹部,かんぶ,N,"management, executive"
完ぺき,かんぺき,N,"perfection, completeness, flawless"
勘弁,かんべん,N,"pardon, forgiveness, forbearance"
感無量,かんむりょう,N,"deep feeling, filled with emotion"
勧誘,かんゆう,N,"invitation, canvassing, inducement"
関与,かんよ,N,"participation, taking part in"
寛容,かんよう,N,"forbearance, tolerance, generosity, involvement"
元来,がんらい,N,"originally, naturally"
観覧,かんらん,N,viewing
慣例,かんれい,N,"custom, precedent, of convention"
還暦,かんれき,N,60th birthday
貫禄,かんろく,N,"presence, dignity"
緩和,かんわ,N,"relief, mitigation"
議案,ぎあん,N,legislative bill
危害,きがい,N,"injury, harm, danger"
企画,きかく,N,"planning, project"
規格,きかく,N,"standard, norm"
着飾る,きかざる,V,to dress up
気兼ね,きがね,N,"hesitance, diffidence, feeling constraint"
気軽,きがる,N,"cheerful, buoyant, lighthearted"
危機,きき,N,crisis
聞き取り,ききとり,N,listening comprehension
効き目,ききめ,N,"effect, virtue, efficacy"
帰京,ききょう,N,returning to Tokyo
戯曲,ぎきょく,N,"play, drama"
基金,ききん,N,"fund, foundation"
喜劇,きげき,N,"comedy, funny show"
議決,ぎけつ,N,"resolution, decision, vote"
棄権,きけん,N,"abstain from voting, renunciation of a right"
既婚,きこん,N,married
気障,きざ,N,"affectation, conceit, snobbery"
記載,きさい,N,"mention, entry"
兆,きざし,N,"sign, omen, indication"
気質,きしつ,N,"character, trait, temperament"
期日,きじつ,N,"fixed date, settlement date"
きしむ,きしむ,V,"to jar, to creak, to grate"
議事堂,ぎじどう,N,Diet building
記述,きじゅつ,N,"describing, descriptor"
気象,きしょう,N,"weather, climate"
傷付く,きずつく,V,"to be hurt, to be wounded, to get injured"
傷付ける,きずつける,V,"to wound, to hurt someone's feelings"
犠牲,ぎせい,N,sacrifice
汽船,きせん,N,steamship
寄贈,きぞう,N,"donation, presentation"
偽造,ぎぞう,N,"forgery, fabrication, counterfeiting"
貴族,きぞく,N,"noble, aristocrat"
議題,ぎだい,N,"topic of discussion, agenda"
鍛える,きたえる,V,"to forge, to train, to discipline"
気立て,きだて,N,"good-natured, kind-hearted"
きちっと,きちっと,N,"exactly, perfectly"
几帳面,きちょうめん,N,"methodical, punctual, steady"
きっかり,きっかり,N,"exactly, precisely"
きっちり,きっちり,N,"precisely, tightly"
きっぱり,きっぱり,N,"clearly, plainly, distinctly"
規定,きてい,N,"regulation, provisions"
起点,きてん,N,starting point
軌道,きどう,N,orbit; track
技能,ぎのう,N,"technical skill, ability, capacity"
規範,きはん,N,"model, standard, example"
気品,きひん,N,"grace, elegance"
気風,きふう,N,"character, traits, ethos"
起伏,きふく,N,undulation
規模,きぼ,N,"scale, scope, plan, structure"
気まぐれ,きまぐれ,N,"whim, caprice, uneven temper"
生真面目,きまじめ,N,"serious, sincerity"
期末,きまつ,N,(end of the season or term)
きまりわるい,きまりわるい,N,"feeling awkward, being ashamed"
記名,きめい,N,"signature, register"
規約,きやく,N,"agreement, rules, code"
脚色,きゃくしょく,N,"dramatization (e.g., film"
逆転,ぎゃくてん,N,"(sudden) change, reversal, turn-around"
脚本,きゃくほん,N,scenario
華奢,きゃしゃ,N,"delicate, slender"
客観,きゃっかん,N,objective
キャッチ,キャッチ,N,catch
キャリア,キャリア,N,"career, career government employee"
救援,きゅうえん,N,"relief, rescue, reinforcement"
休学,きゅうがく,N,"temporary absence from school, suspension"
究極,きゅうきょく,N,"ultimate, final, eventual"
窮屈,きゅうくつ,N,"narrow, tight, formal"
球根,きゅうこん,N,(plant) bulb
救済,きゅうさい,N,"relief, aid, rescue"
給仕,きゅうじ,N,waiter
給食,きゅうしょく,N,"school lunch, providing a meal"
休戦,きゅうせん,N,"truce, armistice"
宮殿,きゅうでん,N,palace
旧知,きゅうち,N,"old friend, old friendship"
窮乏,きゅうぼう,N,poverty
寄与,きよ,N,"contribution, service"
強,きょう,N,strong
驚異,きょうい,N,"wonder, miracle"
教科,きょうか,N,"subject, curriculum"
協会,きょうかい,N,"association, society, organization"
共学,きょうがく,N,coeducation
共感,きょうかん,N,"sympathy, response"
境遇,きょうぐう,N,"environment, circumstances"
教訓,きょうくん,N,"lesson, precept, moral instruction"
強行,きょうこう,N,"forcing, enforcement"
強硬,きょうこう,N,"firm, vigorous, stubborn"
教材,きょうざい,N,teaching materials
凶作,きょうさく,N,"bad harvest, poor crop"
業者,ぎょうしゃ,N,"trader, merchant"
教習,きょうしゅう,N,"training, instruction"
郷愁,きょうしゅう,N,"nostalgia, homesickness"
教職,きょうしょく,N,teaching profession
興じる,きょうじる,V,"to amuse oneself, to make merry"
強制,きょうせい,N,"obligation, compulsion, enforcement"
行政,ぎょうせい,N,administration
業績,ぎょうせき,N,"achievement, work, contribution"
共存,きょうぞん,N,coexistence
協定,きょうてい,N,"arrangement, pact, agreement"
郷土,きょうど,N,homeland
脅迫,きょうはく,N,"threat, coercion"
業務,ぎょうむ,N,"business, duties, work"
共鳴,きょうめい,N,"resonance, sympathy"
郷里,きょうり,N,"birth-place, home town"
強烈,きょうれつ,N,"strong, intense, severe"
共和,きょうわ,N,"republicanism, cooperation"
局限,きょくげん,N,"limit, localize"
極端,きょくたん,N,"extreme, extremity"
居住,きょじゅう,N,residence
拒絶,きょぜつ,N,"refusal, rejection"
漁船,ぎょせん,N,fishing boat
漁村,ぎょそん,N,fishing village
拒否,きょひ,N,"denial, rejection, refusal"
許容,きょよう,N,"permission, pardon"
清らか,きよらか,N,"clean, pure, chaste"
きらびやか,きらびやか,N,"gorgeous, gaudy, dazzling"
義理,ぎり,N,"debt of gratitude, obligation"
切替,きりかえ,N,"exchange, conversion, switchover"
気流,きりゅう,N,atmospheric current
切れ目,きれめ,N,"break, pause, gap"
疑惑,ぎわく,N,"doubt, misgivings, suspicion"
極めて,きわめて,N,"exceedingly, extremely (written expression)"
近眼,きんがん,N,nearsightedness
緊急,きんきゅう,N,"urgent, pressing, emergency"
近郊,きんこう,N,"suburbs, outskirts"
均衡,きんこう,N,"equilibrium, balance"
禁じる,きんじる,V,to prohibit
勤勉,きんべん,N,"industry, diligence"
吟味,ぎんみ,N,"examination, careful investigation"
勤務,きんむ,N,"service, duty, work"
禁物,きんもつ,N,"taboo, forbidden thing"
勤労,きんろう,N,"labor, exertion, diligent service"
クイズ,クイズ,N,quiz
食い違う,くいちがう,V,"to cross each other, to differ"
空間,くうかん,N,"space, room, airspace"
空腹,くうふく,N,hunger
区画,くかく,N,"division, section, area"
区間,くかん,N,section
茎,くき,N,stalk
区切り,くぎり,N,"an end, a stop, punctuation"
くぐる,くぐる,V,to pass through; to go around
くじびき,くじびき,N,"lottery, drawn lot"
くすぐったい,くすぐったい,N,ticklish
愚痴,ぐち,N,"idle complaint, grumble"
口吟む,くちずさむ,V,to humble
嘴,くちばし,N,"beak, bill"
朽ちる,くちる,V,to rot
覆す,くつがえす,V,"to overturn, to upset, to overthrow"
くっきり,くっきり,N,"distinctly, clearly, boldly"
屈折,くっせつ,N,"bending, indentation, refraction"
ぐっと,ぐっと,N,"firmly, fast, more"
首飾り,くびかざり,N,necklace
首輪,くびわ,N,"necklace, choker"
組み込む,くみこむ,V,"to insert, to include, to cut in (printing)"
組み合わせる,くみあわせる,V,"to join together, to combine, to join up"
蔵,くら,N,"warehouse, cellar"
グレー,グレー,N,"grey, gray"
クレーン,クレーン,N,crane
玄人,くろうと,N,"expert, professional"
黒字,くろじ,N,balance (figure) in the black
軍艦,ぐんかん,N,"warship, battleship"
軍事,ぐんじ,N,military affairs
君主,くんしゅ,N,"ruler, monarch"
群集,ぐんしゅう,N,"(social) group, crowd, mob"
群衆,ぐんしゅう,N,"(social) group, crowd, mob"
軍備,ぐんび,N,"armaments, military preparations"
軍服,ぐんぷく,N,military or naval uniform
芸,げい,N,"art, accomplishment, performance"
経過,けいか,N,"passage, progress"
軽快,けいかい,N,"lively, casual, light"
警戒,けいかい,N,"warning, admonition, vigilance"
敬具,けいぐ,N,Sincerely (used at the end of letter)
軽減,けいげん,N,"reduction, lessening"
掲載,けいさい,N,"appearance (e.g., article in paper)"
傾斜,けいしゃ,N,"inclination, slope, dip"
形成,けいせい,N,formation
形勢,けいせい,N,"condition, situation, prospects"
軽率,けいそつ,N,"thoughtless, careless, hasty"
刑罰,けいばつ,N,"judgment, penalty, punishment"
経費,けいひ,N,"expenses, cost, outlay"
警部,けいぶ,N,police inspector
転換,てんかん,N,"convert, divert"
転居,てんきょ,N,"moving, changing residence"
転勤,てんきん,N,transfer (to another office of a company)
点検,てんけん,N,"inspection, examination, checking"
電源,でんげん,N,"source of electricity, power (e.g., button on TV)"
天国,てんごく,N,"paradise, heaven, Kingdom of Heaven"
天才,てんさい,N,a genius
天災,てんさい,N,"natural calamity, disaster"
展示,てんじ,N,"exhibition, display"
伝説,でんせつ,N,"tradition, legend, folklore"
点線,てんせん,N,dotted line
転じる,てんじる,V,"to turn, to shift"
転ずる,てんずる,V,"to turn, to shift"
天体,てんたい,N,heavenly body
伝達,でんたつ,N,"transmission (e.g., news, communication, delivery)"
天地,てんち,N,"heaven and earth, the universe"
てんで,てんで,N,"(not) at all, altogether, entirely"
転任,てんにん,N,change of post
展望,てんぼう,N,"view, outlook, prospect"
伝来,でんらい,N,"ancestral, hereditary, imported"
転落,てんらく,N,"fall, degradation"
問い合わせる,といあわせる,V,"to inquire, to seek information"
胴,どう,N,"trunk, body, frame"
同意,どうい,N,"agreement, consent; same meaning"
動員,どういん,N,mobilization
同感,どうかん,N,"agreement, same opinion, same feeling"
陶器,とうき,N,"pottery, ceramics"
討議,とうぎ,N,"debate, discussion"
動機,どうき,N,"motive, incentive"
等級,とうきゅう,N,"grade, class"
同級,どうきゅう,N,"the same grade, same class"
同居,どうきょ,N,living together
登校,とうこう,N,attendance (at school)
統合,とうごう,N,"integration, unification, synthesis"
動向,どうこう,N,"trend, tendency, movement, attitude"
投資,とうし,N,investment
同情,どうじょう,N,"sympathy, compassion, sympathize"
道場,どうじょう,N,"(arch) dojo, hall used for martial arts training, mandala"
統制,とうせい,N,"regulation, control"
当選,とうせん,N,"being elected, winning the prize"
逃走,とうそう,N,"flight, desertion, escape"
統率,とうそつ,N,"command, generalship, leadership"
到達,とうたつ,N,"reaching, attaining, arrival"
統治,とうち,N,"rule, reign, governing"
仕切る,しきる,V,"to partition, to divide, to mark off"
資金,しきん,N,"funds, capital"
軸,じく,N,"axis, stem, shaft"
しくじる,しくじる,V,"to fail, to fall through, to blunder"
仕組,しくみ,N,"structure, mechanism"
死刑,しけい,N,death penalty
湿気る,しける,V,"to be damp, to be moist"
施行,しこう,N,"enforcement, operation"
思考,しこう,N,thought
志向,しこう,N,"intention, aim"
嗜好,しこう,N,"taste, liking, preference"
事項,じこう,N,"matter(s), item(s), facts"
時刻表,じこくひょう,N,"timetable, (train) schedule"
地獄,じごく,N,hell
時差,じさ,N,time difference
自在,じざい,N,"freely, at will"
視察,しさつ,N,"inspection, observation"
資産,しさん,N,"property, fortune, assets"
支持,しじ,N,support
自主,じしゅ,N,"independence, autonomy"
自首,じしゅ,N,"surrender, give oneself up"
刺繍,ししゅう,N,embroidery
辞職,じしょく,N,resignation
雫,しずく,N,drop (of water)
システム,システム,N,system
沈める,しずめる,V,"to sink, to submerge"
施設,しせつ,N,"establishment, facility"
事前,じぜん,N,"prior, beforehand, in advance"
子息,しそく,N,(hon.) son
持続,じぞく,N,"continuation, endurance"
自尊心,じそんしん,N,"self-respect, conceit"
慕う,したう,V,to yearn to adore
下心,したごころ,N,"secret intention, motive"
下地,したじ,N,"groundwork, foundation"
親しむ,したしむ,V,"to be intimate with, to befriend"
下調べ,したしらべ,N,preliminary investigation
愛想,あいそう,N,sociability
間柄,あいだがら,N,relationship
合間,あいま,N,interval
敢えて,あえて,N,"dare (to do), venture (to do), challenge (to do)"
仰ぐ,あおぐ,V,"to look up (to), to respect; to ask for"
垢,あか,N,"dirt, filth"
赤字,あかじ,N,"deficit, go in the red"
明かす,あかす,V,to reveal; to stay up
赤らむ,あからむ,V,"to become red, to blush"
上がり,あがり,N,"ascent; income; completion, stop"
諦め,あきらめ,N,"resignation, reconciliation, consolation"
アクセル,アクセル,N,(abbr.) accelerator
あくどい,あくどい,N,gaudy vicious
顎,あご,N,chin
憧れ,あこがれ,N,"yearning, longing, aspiration"
麻,あさ,N,hemp
あざ,あざ,N,"birthmark, bruise"
浅ましい,あさましい,N,"shameful, mean, despicable"
欺く,あざむく,V,to deceive
鮮やか,あざやか,N,"vivid, clear"
嘲笑う,あざわらう,V,"to sneer at, to ridicule"
悪しからず,あしからず,N,"don't take me wrong, but..., I'm sorry"
味わい,あじわい,N,"flavor, relish"
焦る,あせる,V,"to be in a hurry, to be impatient"
値する,あたいする,V,"to be worth, to deserve"
悪化,あっか,N,"deterioration, worsen"
扱い,あつかい,N,"treatment, service"
呆気ない,あっけない,N,"not enough, too quick (short, long, etc.)"
あっさり,あっさり,N,"easily, readily, quickly"
斡旋,あっせん,N,"kind offices, mediation"
圧倒,あっとう,N,"overwhelm, overpower"
圧迫,あっぱく,N,"pressure, coercion, oppression"
あつらえる,あつらえる,V,"to give an order, to place an order"
圧力,あつりょく,N,"stress, pressure"
当て,あて,N,expectations; depend
当て字,あてじ,N,"phonetic-equivalent character, substitute character"
跡継ぎ,あとつぎ,N,"heir, successor"
後回し,あとまわし,N,"putting off, postponing"
油絵,あぶらえ,N,oil painting
アプローチ,アプローチ,N,approach (in golf)
あべこべ,あべこべ,N,"contrary, opposite, inverse"
甘える,あまえる,V,"to behave like a spoiled child, to fawn on"
雨具,あまぐ,N,rain gear
甘口,あまくち,N,sweet flavor
アマチュア,アマチュア,N,amateur
網,あみ,N,net
操る,あやつる,V,"to manipulate, to operate, to pull strings"
危ぶむ,あやぶむ,V,"to fear, to have misgivings, to be doubtful"
あやふや,あやふや,N,"uncertain, vague, ambiguous"
過ち,あやまち,N,"fault, error, indiscretion"
誤る,あやまる,V,to make a mistake
歩み,あゆみ,N,"step, progress, history"
歩む,あゆむ,V,to walk
予め,あらかじめ,N,"in advance, previously"
荒らす,あらす,V,to damage; to invade
争い,あらそい,N,"dispute, quarrel, conflict"
改まる,あらたまる,V,to be renewed; to be formal
荒っぽい,あらっぽい,N,"rough, rude"
アラブ,アラブ,N,Arab
霰,あられ,N,"hail (e.g., falling ice balls)"
有り様,ありさま,N,"state, condition"
ありのまま,ありのまま,N,"the truth, as it is, frankly"
ありふれる,ありふれる,N,"common, ordinary, routine"
アルカリ,アルカリ,N,alkali
アルミ,アルミ,N,"aluminum (Al, aluminum)"
アワー,アワー,N,hour
合わす,あわす,V,"to join together, to face, to unite"
アンコール,アンコール,N,encore
暗殺,あんさつ,N,assassination
暗算,あんざん,N,mental arithmetic
暗示,あんじ,N,"hint, suggestion"
案じる,あんじる,V,"to be anxious, to ponder"
安静,あんせい,N,rest
案の定,あんのじょう,N,"sure enough, as usual"
いい加減,いいかげん,N,"random, irresponsible"
言い訳,いいわけ,N,"excuse, explanation"
イェス,イェス,N,yes; Jesus
家出,いえで,N,running away from home
生かす,いかす,V,to keep something alive; to make use of
いかに,いかに,N,"how, in what way"
いかにも,いかにも,N,truly (same as 実に (じつに))
異議,いぎ,N,"objection, dissent, protest"
生き甲斐,いきがい,N,"something one lives for, very important"
行き違い,いきちがい,N,"misunderstanding, disagreement"
意気込む,いきごむ,V,to be enthusiastic about
育成,いくせい,N,"rearing, training, cultivation"
幾多,いくた,N,"many, numerous"
"(花を〜) 生ける, 活ける",(はなを～) いける,V,to arrange (flowers)
異見,いけん,N,"different opinion, objection"
意向,いこう,N,"intention, idea, inclination"
移行,いこう,N,switching over to
いざ,いざ,N,"now, come (now), crucial moment"
移住,いじゅう,N,"migration, immigration"
衣装,いしょう,N,"clothing, costume, outfit"
いじる,いじる,V,"to touch, to tamper with"
異性,いせい,N,the opposite sex
遺跡,いせき,N,historic ruins
依存,いぞん,N,"dependence, dependent, reliance"
委託,いたく,N,"consign (goods (for sale) to a firm), entrust"
いたって,いたって,N,"very much, exceedingly, extremely"
出世,しゅっせ,N,"promotion, successful career, eminence"
出題,しゅつだい,N,proposing a question
出動,しゅつどう,N,"mobilization, action"
出費,しゅっぴ,N,"expenses, disbursements"
出品,しゅっぴん,N,"exhibit, display"
主導,しゅどう,N,main leadership
主任,しゅにん,N,"person in charge, responsible official"
首脳,しゅのう,N,"head, leader"
守備,しゅび,N,defense
手法,しゅほう,N,technique
樹木,じゅもく,N,"trees and shrubs, arbor"
樹立,じゅりつ,N,"establish, create"
準急,じゅんきゅう,N,"local express (train, slower than an express)"
準じる,じゅんじる,V,"to follow, to conform, to apply to"
上位,じょうい,N,"superior, higher order"
上演,じょうえん,N,art performance
城下,じょうか,N,land near the castle
消去,しょうきょ,N,"elimination, erasing"
上空,じょうくう,N,"sky, high-altitude sky, upper air"
衝撃,しょうげき,N,"shock, crash, impact, ballistic"
証言,しょうげん,N,"evidence, testimony"
証拠,しょうこ,N,"evidence, proof"
照合,しょうごう,N,"check, verification"
詳細,しょうさい,N,"detail, particulars"
上昇,じょうしょう,N,"rising, ascending, climbing"
昇進,しょうしん,N,promotion
称する,しょうする,V,"to take the name of, to call oneself"
情勢,じょうせい,N,"state of things, condition, situation"
消息,しょうそく,N,"news, letter, circumstances"
承諾,しょうだく,N,"consent, agreement"
情緒,じょうちょ,N,"emotion, feeling"
象徴,しょうちょう,N,symbol
小児科,しょうにか,N,pediatrics
使用人,しようにん,N,"employee, servant"
情熱,じょうねつ,N,"passion, enthusiasm, zeal"
譲歩,じょうほ,N,"concession, conciliation, compromise"
条約,じょうやく,N,"treaty, pact"
勝利,しょうり,N,"victory, triumph, win"
上陸,じょうりく,N,"landing, disembarkation"
蒸溜,じょうりゅう,N,distillation
奨励,しょうれい,N,"encouragement, promotion"
ショー,ショー,N,show
除外,じょがい,N,"exception, exclusion"
職員,しょくいん,N,"staff member, personnel"
植民地,しょくみんち,N,colony
職務,しょくむ,N,professional duties
諸君,しょくん,N,"Gentlemen!, Ladies!"
助言,じょげん,N,"advice, suggestion"
徐行,じょこう,N,going slowly
所在,しょざい,N,whereabouts
所持,しょじ,N,"possession, owning"
所属,しょぞく,N,"attached to, belong to"
処置,しょち,N,treatment
しょっちゅう,しょっちゅう,N,"always, constantly"
所定,しょてい,N,"fixed, prescribed"
所得,しょとく,N,income
処罰,しょばつ,N,punishment
初版,しょはん,N,first edition
書評,しょひょう,N,book review
処分,しょぶん,N,"disposal, dealing, punishment"
庶民,しょみん,N,"masses, common people"
庶務,しょむ,N,general affairs
所有,しょゆう,N,"one's possessions, ownership"
調べ,しらべ,N,"investigation, inspection"
自立,じりつ,N,"independence, self-reliance"
記す,しるす,V,"to note, to write down"
指令,しれい,N,"orders, instructions, directive"
陣,じん,N,"battle formation, camp, encampment"
進化,しんか,N,"evolution, progress"
人格,じんかく,N,"personality, character"
審議,しんぎ,N,deliberation
新婚,しんこん,N,newly-wed
審査,しんさ,N,"judging, inspection, examination"
人材,じんざい,N,man of talent
紳士,しんし,N,gentleman
真実,しんじつ,N,"truth, reality"
信者,しんじゃ,N,"believer, devotee"
真珠,しんじゅ,N,pearl
進出,しんしゅつ,N,advancement
心情,しんじょう,N,mentality
新人,しんじん,N,"new face, newcomer"
神聖,しんせい,N,"holiness, sacredness, dignity"
親善,しんぜん,N,friendship
真相,しんそう,N,"truth, real situation"
迅速,じんそく,N,"quick, fast, prompt"
人体,じんたい,N,human body
新築,しんちく,N,"new building, new construction"
心中,しんじゅう,N,double suicide
進呈,しんてい,N,presentation
進展,しんてん,N,"progress, development"
神殿,しんでん,N,"temple, sacred place"
進度,しんど,N,progress
振動,しんどう,N,"oscillation, vibration"
新入生,しんにゅうせい,N,"new student, first-year student, freshman"
信任,しんにん,N,"trust, confidence, credence"
神秘,しんぴ,N,mystery
辛抱,しんぼう,N,"patience, endurance"
人民,じんみん,N,"people, public"
侵略,しんりゃく,N,"aggression, invasion, raid"
診療,しんりょう,N,medical examination and treatment
水源,すいげん,N,source of river
推進,すいしん,N,"propulsion, driving force"
吹奏,すいそう,N,playing wind instruments
推測,すいそく,N,"guess, conjecture"
水田,すいでん,N,(water-filled) paddy field
推理,すいり,N,"reasoning, inference, mystery or detective genre"
数詞,すうし,N,numeral
崇拝,すうはい,N,"worship, adoration"
据え付ける,すえつける,V,"to install, to equip, to mount"
据える,すえる,V,"to set, to lay, to place"
すがすがしい,すがすがしい,N,"fresh, refreshing"
救い,すくい,N,"help, aid, relief"
健やか,すこやか,N,"vigorous, healthy, sound"
濯ぐ,すすぐ,V,"to rinse, to wash out"
進み,すすみ,N,progress
裾,すそ,N,"(trouser) cuff, (skirt) hem, cut edge of a hairdo"
スタジオ,スタジオ,N,studio
スチーム,スチーム,N,steam
ストライキ,ストライキ,N,strike
スト,スト,N,(abbr.) strike
ストロー,ストロー,N,straw
ストロボ,ストロボ,N,"stroboscope (literally: strobo, strobe lamp, stroboscopic lamp)"
すばしこい,すばしこい,N,"nimble, smart, quick"
素早い,すばやい,N,"fast, quick"
ずばり,ずばり,N,"decisively, unreservedly, frankly"
スプリング,スプリング,N,spring
スペース,スペース,N,space
ずぶぬれ,ずぶぬれ,N,"soaked, dripping wet"
スポーツカー,スポーツカー,N,sports car
澄ます,すます,V,"to clear, to make clear, to listen for"
清ます,すます,V,"to clear, to make clear, to listen for"
済ます,すます,V,to finish; to settle; to do without
すみやか,すみやか,N,speedy
スラックス,スラックス,N,slacks
ずらっと,ずらっと,N,"in a line, in a row"
ずるずる,ずるずる,N,"dragging on, sound of sniffling"
ずれ,ずれ,N,"difference, gap"
すれちがい,すれちがい,N,chance encounter
擦れる,すれる,V,"to rub, to chafe"
すんなり,すんなり,N,"pass with no objection, slim, slender"
生育,せいいく,N,"growth, development, breeding"
成育,せいいく,N,"growth, raising"
成果,せいか,N,"results, fruits"
正解,せいかい,N,"correct, right answer, solution"
正義,せいぎ,N,"justice, right, righteousness"
生計,せいけい,N,"livelihood, living"
政権,せいけん,N,"(political) administration, political power"
星座,せいざ,N,constellation
制裁,せいさい,N,"restraint, sanctions, punishment"
政策,せいさく,N,"political measures, policy"
生死,せいし,N,life and death
静止,せいし,N,"stillness, repose, standing still"
誠実,せいじつ,N,"sincere, honest, faithful"
成熟,せいじゅく,N,"maturity, ripeness"
青春,せいしゅん,N,"youth, springtime of life, adolescent"
清純,せいじゅん,N,"purity, innocence"
聖書,せいしょ,N,Bible
正常,せいじょう,N,"normalcy, normality, normal"
制する,せいする,V,"to control, to command"
整然,せいぜん,N,"orderly, regular, well-organized"
盛装,せいそう,N,"be dressed up, wear rich clothes"
盛大,せいだい,N,"grand, prosperous, magnificent"
清濁,せいだく,N,"good and evil, purity and impurity"
制定,せいてい,N,"enactment, establishment, creation"
静的,せいてき,N,static
製鉄,せいてつ,N,iron manufacture
晴天,せいてん,N,fine weather
正当,せいとう,N,"just, due, proper"
制服,せいふく,N,uniform
征服,せいふく,N,"conquest, subjugation, overcoming"
製法,せいほう,N,"manufacturing method, recipe, formula"
精密,せいみつ,N,"precise, exact, detailed, minute"
税務署,ぜいむしょ,N,tax office
制約,せいやく,N,"limitation, constraints"
勢力,せいりょく,N,"influence, power, might, strength"
整列,せいれつ,N,"stand in a row, form a line"
セール,セール,N,sale
急かす,せかす,V,"to hurry, to urge on"
伜,せがれ,N,"son, my son"
責務,せきむ,N,"duty, obligation"
セクション,セクション,N,section
世辞,せじ,N,"flattery, compliment"
世帯,せたい,N,household
是正,ぜせい,N,"correction, revision"
世代,せだい,N,generation
切開,せっかい,N,"opening up, cutting through"
セックス,セックス,N,sex
切実,せつじつ,N,"compelling, serious, severe, acute"
接触,せっしょく,N,"touch, contact"
接続詞,せつぞくし,N,conjunction
設置,せっち,N,"establishment, institution"
折衷,せっちゅう,N,"compromise, cross, blending, eclecticism"
設定,せってい,N,"establishment, creation"
説得,せっとく,N,persuasion
切ない,せつない,N,"painful, trying, sad"
絶版,ぜっぱん,N,out of print
設立,せつりつ,N,"establishment, foundation, institution"
攻め,せめ,N,"attack, offense"
ゼリー,ゼリー,N,jelly
セレモニー,セレモニー,N,ceremony
世論,せろん,N,public opinion
繊維,せんい,N,"fiber, fiber, textile"
全快,ぜんかい,N,complete recovery of health
宣教,せんきょう,N,religious mission
宣言,せんげん,N,"declaration, proclamation, announcement"
戦災,せんさい,N,war damage
専修,せんしゅう,N,specialization
戦術,せんじゅつ,N,tactics
センス,センス,N,"sense (for music, style, tact, etc.)"
潜水,せんすい,N,diving
全盛,ぜんせい,N,height of prosperity
先代,せんだい,N,"family predecessor, previous age, previous generation"
先だって,せんだって,N,"recently, the other day"
先着,せんちゃく,N,first arrival
前提,ぜんてい,N,"preamble, premise, prerequisite"
先天的,せんてんてき,N,"inherent, congenital, hereditary"
前途,ぜんと,N,"future prospects, outlook, the journey ahead"
戦闘,せんとう,N,"battle, fight, combat"
潜入,せんにゅう,N,"infiltration, sneaking in"
船舶,せんぱく,N,ship
全滅,ぜんめつ,N,annihilation
専用,せんよう,N,"exclusive use, personal use"
占領,せんりょう,N,"occupation, possession, have a room to oneself"
善良,ぜんりょう,N,"goodness, excellence, virtue"
戦力,せんりょく,N,war potential
前例,ぜんれい,N,precedent
相応,そうおう,N,"suitability, fitness"
総会,そうかい,N,general meeting
創刊,そうかん,N,"launching (e.g., newspaper, first issue)"
雑木,ぞうき,N,"various kinds of small trees, assorted trees"
早急,そうきゅう,N,urgent
増強,ぞうきょう,N,"reinforce, increase"
送金,そうきん,N,"remittance, sending money"
走行,そうこう,N,"running a wheeled vehicle (e.g., car, traveling)"
総合,そうごう,N,"synthesis, generalization"
捜索,そうさく,N,"search (esp. for someone or something missing, investigation)"
蔵相,ぞうしょう,N,Minister of Finance
装飾,そうしょく,N,ornament
増進,ぞうしん,N,"promoting, increase, advance"
相対,そうたい,N,relative
壮大,そうだい,N,"magnificent, grand, majestic"
騒動,そうどう,N,"strife, riot, rebellion"
遭難,そうなん,N,"disaster, shipwreck, accident"
相場,そうば,N,"market price, speculation, estimation"
装備,そうび,N,equipment
創立,そうりつ,N,"establishment, founding"
添える,そえる,V,"to add to, to attach, to accompany"
ソース,ソース,N,source
即座に,そくざに,N,"immediately, right away"
促進,そくしん,N,"promotion, acceleration, encouragement"
即する,そくする,V,"to conform to, to agree with, to be adapted to,"
束縛,そくばく,N,"restraint, restriction, confinement"
側面,そくめん,N,"side, sidelight, lateral"
損う,そこなう,V,"to harm, to hurt"
そこら,そこら,N,"everywhere, somewhere"
素材,そざい,N,"raw materials, subject matter"
阻止,そし,N,"obstruction, check, hindrance"
訴訟,そしょう,N,"litigation, lawsuit"
育ち,そだち,N,"breeding, growth"
措置,そち,N,"measure, step"
ソックス,ソックス,N,socks
素っ気無い,そっけない,N,"cold, short, curt, blunt"
外方,そっぽ,N,look (or turn) the other way
備え付ける,そなえつける,V,"to provide, to equip, to install"
備わる,そなわる,V,to be furnished with
具わる,そなわる,V,to be furnished with
聳える,そびえる,V,"to rise, to tower, to soar"
素朴,そぼく,N,"simplicity, artlessness, naivety"
背く,そむく,V,"to run counter to, to go against"
染まる,そまる,V,to be dyed
染める,そめる,V,"to dye, to color"
そらす,そらす,V,"to bend, to warp"
それゆえ,それゆえ,N,"therefore, for that reason, so"
ソロ,ソロ,N,solo
揃い,そろい,N,"set, suit, uniform"
ぞんざい,ぞんざい,N,"rude, careless, slovenly"
損失,そんしつ,N,loss
存続,そんぞく,N,"duration, continuance"
ダース,ダース,N,dozen
対応,たいおう,N,dealing with
退化,たいか,N,"degeneration, retrogression"
大概,たいがい,N,"in general, mainly"
体格,たいかく,N,"physique, constitution"
大金,たいきん,N,large amount of money
待遇,たいぐう,N,"treatment, reception"
対決,たいけつ,N,"confrontation, showdown"
体験,たいけん,N,personal experience
対抗,たいこう,N,"opposition, antagonism"
退治,たいじ,N,extermination
大衆,たいしゅう,N,general public
対処,たいしょ,N,"deal with, cope"
退職,たいしょく,N,retirement (from office)
題する,だいする,V,to title
態勢,たいせい,N,"attitude, conditions, tendency"
対談,たいだん,N,"talk, dialogue"
大胆,だいたん,N,"bold, daring, audacious"
対等,たいとう,N,equivalent
台無し,だいなし,N,"mess, spoiled, (come to) nothing"
滞納,たいのう,N,"non-payment, default"
対比,たいひ,N,"contrast, comparison"
タイピスト,タイピスト,N,typist
大部,たいぶ,N,"most (e.g., most part, greater, fairly, a good deal, much)"
大便,だいべん,N,feces
代弁,だいべん,N,speak for another
待望,たいぼう,N,"long-expected, waiting"
台本,だいほん,N,"libretto, scenario"
タイマー,タイマー,N,timer
怠慢,たいまん,N,"negligence, carelessness"
タイミング,タイミング,N,timing
タイム,タイム,N,time
タイムリー,タイムリー,N,"timely, run-batted-in (baseball), RBI"
対面,たいめん,N,"interview, meeting"
代用,だいよう,N,substitution
体力,たいりょく,N,physical strength
タイル,タイル,N,tile
対話,たいわ,N,"conversation, dialogue"
耐える,たえる,V,"to endure, to put up with"
絶える,たえる,V,"to die out, to become extinct"
断える,たえる,V,"to cease, to become extinct"
打開,だかい,N,"solution, breakthrough"
焚火,たきび,N,(open) fire
妥協,だきょう,N,"compromise, giving in"
たくましい,たくましい,N,"burly, strong, sturdy"
巧み,たくみ,N,"skill, cleverness"
丈,たけ,N,"length, height"
打撃,だげき,N,"blow, damage; batting (baseball)"
妥結,だけつ,N,agreement
駄作,ださく,N,poor work
足し算,たしざん,N,addition
多数決,たすうけつ,N,majority rule
助け,たすけ,N,assistance
携わる,たずさわる,V,"to engage, to involve"
漂う,ただよう,V,"to drift about, to float, to hang in air"
立ち去る,たちさる,V,"to leave, to depart"
立ち寄る,たちよる,V,"to stop by, to drop in for a short visit"
抱っこ,だっこ,N,(child's) hug
達者,たっしゃ,N,"skillful, in good health"
脱出,だっしゅつ,N,escape
脱する,だっする,V,"to escape from, to get out"
達成,たっせい,N,achievement
脱退,だったい,N,"secession, withdrawal"
だったら,だったら,N,if it's the case
立て替える,たてかえる,V,"to pay in advance, to pay for another"
建前,たてまえ,N,position; stance one takes in public; principle
奉る,たてまつる,V,"to offer, to do respectfully"
だと,だと,N,if it's the case
他動詞,たどうし,V,transitive verb (direct object)
辿り着く,たどりつく,V,"to reach, to make it somehow"
辿る,たどる,V,"to follow (road, to pursue (course), to follow up"
束ねる,たばねる,V,"to tie up in a bundle, to control"
だぶだぶ,だぶだぶ,N,"loose, baggy"
他方,たほう,N,"another side, on the other hand"
多忙,たぼう,N,busy
給う,たまう,V,"to receive, to grant"
魂,たましい,N,"soul, spirit"
溜まり,たまり,N,"collected things, gathering place, arrears"
賜る,たまわる,V,"to grant, to bestow"
保つ,たもつ,V,"to keep, to preserve, to sustain"
たやすい,たやすい,N,"easy, simple, light"
多様,たよう,N,"diversity, variety"
だるい,だるい,N,"sluggish, feel heavy (tired), languid"
弛み,たるみ,N,"slack, slackening"
弛む,たるむ,V,"to slacken, to loosen, to relax"
垂れる,たれる,V,"to hang, to droop; to drip"
タレント,タレント,N,"talent, star, personality"
タワー,タワー,N,tower
単一,たんいつ,N,"single, simple, sole"
短歌,たんか,N,31-syllable Japanese poem
担架,たんか,N,"stretcher, litter"
短気,たんき,N,quick temper
団結,だんけつ,N,"unity, union, solidarity"
探検,たんけん,N,"exploration, expedition"
断言,だんげん,N,"assertion, declaration, affirmation"
短縮,たんしゅく,N,"shortening, abbreviation, reduction"
断然,だんぜん,N,"firmly, absolutely, definitely"
炭素,たんそ,N,carbon (C)
短大,たんだい,N,junior college
単調,たんちょう,N,"monotony, monotone, dullness"
単独,たんどく,N,"sole, single"
旦那,だんな,N,"master (of house), husband (informal)"
短波,たんぱ,N,short wave
蛋白質,たんぱくしつ,N,protein
ダンプ,ダンプ,N,dump truck
断面,だんめん,N,cross section
弾力,だんりょく,N,"elasticity, flexibility"
治安,ちあん,N,"public order, security"
チームワーク,チームワーク,N,teamwork
チェンジ,チェンジ,N,change
違える,ちがえる,V,to change
畜産,ちくさん,N,animal husbandry
畜生,ちくしょう,N,"beast, brute, damn"
蓄積,ちくせき,N,"accumulation, accumulate, store"
地形,ちけい,N,"landform, geographical features, topography"
知性,ちせい,N,intelligence
乳,ちち,N,"milk, breast, loop"
縮まる,ちぢまる,V,"to be shortened, to be contracted, to shrink"
秩序,ちつじょ,N,"order, regularity"
窒息,ちっそく,N,suffocation
知的,ちてき,N,intellectual
着手,ちゃくしゅ,N,"embarkation, launch"
着色,ちゃくしょく,N,"coloring, coloring"
着席,ちゃくせき,N,"sit down, seat"
着目,ちゃくもく,N,attention
着陸,ちゃくりく,N,"landing, touch down"
着工,ちゃっこう,N,start of (construction) work
茶の間,ちゃのま,N,living room (Japanese style)
茶の湯,ちゃのゆ,N,tea ceremony
ちやほや,ちやほや,N,"pamper, make a fuss of, spoil"
チャンネル,チャンネル,N,a channel
宙返り,ちゅうがえり,N,"somersault, looping-the-loop"
中継,ちゅうけい,N,"relay, hook-up"
忠告,ちゅうこく,N,"advice, warning"
中傷,ちゅうしょう,N,"slander, libel, defamation"
中枢,ちゅうすう,N,"center, mainstay, nucleus"
抽選,ちゅうせん,N,"lottery, raffle, drawing (of lots)"
中断,ちゅうだん,N,"interruption, suspension, break"
中毒,ちゅうどく,N,poisoning
中腹,ちゅうふく,N,"mountain side, halfway up"
中立,ちゅうりつ,N,neutrality
中和,ちゅうわ,N,"neutralize, counteract"
腸,ちょう,N,"bowels, intestines"
蝶,ちょう,N,butterfly
超,ちょう,N,"super-, ultra-, hyper-"
調印,ちょういん,N,"signature, sign, sealing"
聴覚,ちょうかく,N,the sense of hearing
長官,ちょうかん,N,"chief, (government) secretary"
聴講,ちょうこう,N,"lecture attendance, auditing"
徴収,ちょうしゅう,N,"collection, levy"
聴診器,ちょうしんき,N,stethoscope
調停,ちょうてい,N,"arbitration, conciliation, mediation"
重複,ちょうふく,N,"duplication, repetition, overlapping, redundancy, restoration"
長編,ちょうへん,N,"long (e.g., novel, film)"
重宝,ちょうほう,N,"convenient, useful"
調理,ちょうり,N,cooking
調和,ちょうわ,N,harmony
ちょくちょく,ちょくちょく,N,"often, frequently, now and then, occasionally"
直面,ちょくめん,N,confrontation
著書,ちょしょ,N,"literary work, book"
貯蓄,ちょちく,N,savings
直感,ちょっかん,N,"intuition, instinct"
著名,ちょめい,N,"well-known, noted, celebrated"
ちらっと,ちらっと,N,"at a glance, by accident"
塵取り,ちりとり,N,dustpan
賃金,ちんぎん,N,wages
沈殿,ちんでん,N,"precipitation, deposition, settlement"
沈没,ちんぼつ,N,"sinking, foundering"
沈黙,ちんもく,N,"silence, reticence"
陳列,ちんれつ,N,"exhibition, display, show"
追及,ついきゅう,N,"investigation, inquiry"
追跡,ついせき,N,pursuit
追放,ついほう,N,"exile, banishment"
費やす,ついやす,V,"to spend, to devote, to waste"
墜落,ついらく,N,"falling, crashing"
痛感,つうかん,N,"feeling keenly, fully realizing"
通常,つうじょう,N,"common, normal, usual"
痛切,つうせつ,N,"keen, deep"
杖,つえ,N,cane
使い道,つかいみち,N,use
仕える,つかえる,V,"to serve, to work for"
司る,つかさどる,V,"to rule, to govern, to administer"
つかの間,つかのま,N,"moment, brief time,"
月並,つきなみ,N,"conventional, trite, common"
継目,つぎめ,N,"joint, seam"
尽きる,つきる,V,"to be used up, to be run out"
尽くす,つくす,V,"to exhaust, to run out; to devote, to serve"
つくづく,つくづく,N,"completely, really"
作り,つくり,N,"make up, structure, physique"
造り,つくり,N,"make up, structure, physique"
繕う,つくろう,V,"to mend, to repair"
付け加える,つけくわえる,V,to add one thing to another
告げる,つげる,V,to inform
筒,つつ,N,"pipe, tube"
突っ突く,つっつく,V,to prompt someone
謹む,つつしむ,V,"to be careful, to be chaste or discreet"
突っ張る,つっぱる,V,"to support, to become stiff; to thrust (ones opponent), to stick to (ones opinion), to insist on"
務まる,つとまる,N,"be equal, be fit"
勤め先,つとめさき,N,place of work
努めて,つとめて,N,"make an effort!, work hard!"
津波,つなみ,N,"tsunami, tidal wave"
つねる,つねる,V,to pinch
募る,つのる,V,"to invite, to solicit help, participation, etc"
唾,つば,N,"saliva, spit, sputum"
呟く,つぶやく,V,"to mutter, to murmur"
つぶら,つぶら,N,"round, rotund"
壷,つぼ,N,"jar, pot, vase"
蕾,つぼみ,N,"bud, flower bud"
連なる,つらなる,V,"to extend, to stretch out, to stand in a row"
貫く,つらぬく,V,to go through
連ねる,つらねる,V,"to link, to join, to put together"
釣り鐘,つりがね,N,temple bell (for striking)
吊り革,つりかわ,N,strap
手当,てあて,N,"allowance, compensation; treatment"
定義,ていぎ,N,definition
提供,ていきょう,N,"offer, program sponsoring"
提携,ていけい,N,"cooperation, tie-up, joint business"
体裁,ていさい,N,"decency, style, form, appearance"
提示,ていじ,N,"presentation, exhibit, suggest, citation"
ティシュペーパー,ティシュペーパー,N,tissue
定食,ていしょく,N,"fixed-price lunch, set meal, dinner"
訂正,ていせい,N,"correction, revision"
停滞,ていたい,N,"stagnation, tie-up, congestion, retention"
邸宅,ていたく,N,"mansion, residence"
定年,ていねん,N,retirement age
堤防,ていぼう,N,"bank, weir"
手遅れ,ておくれ,N,being (too); belated treatment
でかい,でかい,N,huge
手掛かり,てがかり,N,"hint, clue, key"
手掛ける,てがける,V,"to handle, to manage, to work with"
手数,てかず,N,"trouble, labor, handling"
手軽,てがる,N,"easy, simple, cheap"
適応,てきおう,N,"adaptation, accommodation, conformity"
適宜,てきぎ,N,suitability
適性,てきせい,N,aptitude
できもの,できもの,N,"boil, rash"
手際,てぎわ,N,"performance, skill, tact"
出くわす,でくわす,V,"to happen to meet, to come across"
手順,てじゅん,N,"process, procedure, protocol"
手錠,てじょう,N,"handcuffs, manacles"
デコレーション,デコレーション,N,decoration
手近,てぢか,N,"near, handy, familiar"
てっきり,てっきり,N,"surely, certainly, beyond doubt"
鉄鋼,てっこう,N,iron and steel
デッサン,デッサン,N,rough sketch (FRE: dessin)
徹する,てっする,V,"to devote oneself, to believe in"
てっぺん,てっぺん,N,"top, summit, apex"
鉄棒,てつぼう,N,"iron rod, crowbar, horizontal bar (gymnastics)"
出直し,でなおし,N,"adjustment, touch up"
掌,てのひら,N,the palm
手配,てはい,N,"arrangement, search (by police)"
手筈,てはず,N,"arrangement, plan, program"
手引,てびき,N,"guidance, guide, introduction"
手本,てほん,N,"model, pattern"
手回し,てまわし,N,"preparations, arrangements"
手元,てもと,N,"(money) on hand or at home, one's purse; usual skill"
デモンストレーション,デモンストレーション,N,demonstration
照り返す,てりかえす,V,"to reflect, to throw back light"
テレックス,テレックス,N,"telex, teletypewriter exchange"
手分け,てわけ,N,division of labor
天,てん,N,"heaven, sky"
田園,でんえん,N,"country, rural districts"
天下,てんか,N,"the world, whole country"
転回,てんかい,N,"revolution, rotation"
連休,れんきゅう,N,consecutive holidays
レンジ,レンジ,N,"range, stove"
連日,れんじつ,N,every day
連帯,れんたい,N,solidarity
レンタカー,レンタカー,N,rented car
連中,れんちゅう,N,"colleagues, company, a lot"
レントゲン,レントゲン,N,X-ray (lit: Roentgen)
連邦,れんぽう,N,"commonwealth, federation of states"
連盟,れんめい,N,"league, union, alliance"
老衰,ろうすい,N,"senility, senile decay"
朗読,ろうどく,N,"reading aloud, recitation"
浪費,ろうひ,N,"waste, extravagance"
労力,ろうりょく,N,"labor, effort, trouble"
ロープウエイ,ロープウエイ,N,"ropeway, aerial tram"
ロープ,ロープ,N,rope
ろくな,ろくな,N,"satisfactory, decent"
露骨,ろこつ,N,"blunt, outspoken; conspicuous; broad, suggestive"
ロマンチック,ロマンチック,N,romantic
論議,ろんぎ,N,discussion
論理,ろんり,N,logic
惑星,わくせい,N,planet
技,わざ,N,"art, technique"
わざわざ,わざわざ,N,"take the trouble (to do), doing something especially rather than incidentally"
煩わしい,わずらわしい,N,"burdensome, troublesome, complicated"
渡り鳥,わたりどり,N,"migratory bird, bird of passage"
ワット,ワット,N,watt
詫び,わび,N,apology
和文,わぶん,N,"Japanese text, sentence in Japanese"
藁,わら,N,straw
割当,わりあて,N,"allotment, allocation, quota"
割込む,わりこむ,V,"to cut in, to disturb"
悪者,わるもの,N,"bad fellow, rascal"
捗る,はかどる,V,"to make progress, to move right ahead (with the work), to advance"
はかない,はかない,N,"short-lived, momentary, ephemeral"
ばかばかしい,ばかばかしい,N,stupid
破棄,はき,N,"revocation, annulment, breaking (e.g., treaty)"
剥ぐ,はぐ,V,"to tear off, to peel off, to rip off"
迫害,はくがい,N,persecution
薄弱,はくじゃく,N,"feebleness, weakness, weak"
白状,はくじょう,N,confession
漠然,ばくぜん,N,"obscure, vague, equivocal"
爆弾,ばくだん,N,bomb
爆破,ばくは,N,"blast, explosion, blow up"
暴露,ばくろ,N,"disclosure, exposure, revelation"
励ます,はげます,V,"to encourage, to cheer, to raise (the voice)"
励む,はげむ,V,"to be zealous, to make an effort"
剥げる,はげる,V,"to come off, to be worn off, to fade, to discolor"
化ける,ばける,V,"to disguise, to take the form of"
派遣,はけん,N,"dispatch, send"
恥,はじ,N,"shame, embarrassment"
パジャマ,パジャマ,N,pajamas
恥じらう,はじらう,V,"to feel shy, to be bashful, to blush"
恥じる,はじる,V,to feel ashamed
橋渡し,はしわたし,N,"bridge building', mediation"
弾む,はずむ,V,"to bounce, to be encouraged, to splurge on"
破損,はそん,N,damage
裸足,はだし,N,barefoot
果たす,はたす,V,"to accomplish, to fulfill, to carry out, to achieve"
蜂蜜,はちみつ,N,honey
パチンコ,パチンコ,N,pachinko (Japanese pinball)
罰,ばつ,N,"punishment, penalty"
発育,はついく,N,"(physical) growth, development"
発芽,はつが,N,germination
発掘,はっくつ,N,"excavation, exhumation; discovery (e.g., new talent)"
発言,はつげん,N,"utterance, speech, proposal"
バッジ,バッジ,N,badge
発生,はっせい,N,"outbreak, spring forth, occurrence"
仕立てる,したてる,V,"to tailor, to make, to prepare"
下取り,したどり,N,"trade in, part exchange"
下火,したび,N,"burning low, waning, declining"
実家,じっか,N,(one's parents') home
失格,しっかく,N,"disqualification, elimination, incapacity (legal)"
質疑,しつぎ,N,question
失脚,しっきゃく,N,"losing one's standing, being overthrown, falling"
実業家,じつぎょうか,N,"industrialist, businessman"
シック,シック,N,chic
じっくり,じっくり,N,"deliberately, carefully"
躾,しつけ,N,"discipline, training"
躾ける,しつける,V,"to discipline, to teach manners"
実践,じっせん,N,"practice, put into practice"
質素,しっそ,N,"simplicity, modesty, frugality"
実態,じったい,N,"truth, fact"
失調,しっちょう,N,"lack of harmony, imbalance"
嫉妬,しっと,N,jealousy
実費,じっぴ,N,"actual expense, cost price"
指摘,してき,N,"pointing out, identification"
自転,じてん,N,"rotation, spin"
助動詞,じょどうし,V,auxiliary verb
淑やか,しとやか,N,graceful
萎びる,しなびる,V,"to shrivel, to fade"
シナリオ,シナリオ,N,scenario
しなやか,しなやか,N,"supple, flexible, elastic"
屎尿,しにょう,N,human waste
地主,じぬし,N,landlord
凌ぐ,しのぐ,V,"to outdo, to surpass; to endure"
芝,しば,N,lawn
始発,しはつ,N,first train
耳鼻科,じびか,N,otolaryngology
私物,しぶつ,N,"private property, personal effects"
しぶとい,しぶとい,N,"tenacious, stubborn"
司法,しほう,N,administration of justice
始末,しまつ,N,disposal; cleaning up afterwards
染みる,しみる,V,to soak; pierce
使命,しめい,N,"mission, errand, message"
地元,じもと,N,local
視野,しや,N,"field of vision, outlook"
弱,じゃく,N,"delicate, supple"
社交,しゃこう,N,social life
ジャズ,ジャズ,N,jazz
謝絶,しゃぜつ,N,refusal
社宅,しゃたく,N,company owned house
若干,じゃっかん,N,"some, few, number of"
三味線,しゃみせん,N,three-stringed Japanese guitar
斜面,しゃめん,N,"slope, slanting surface, bevel"
砂利,じゃり,N,"gravel, ballast, pebbles"
洒落る,しゃれる,V,"to joke, to play on words; stylish"
ジャンパー,ジャンパー,N,"jacket, jumper"
ジャンプ,ジャンプ,N,jump
ジャンボ,ジャンボ,N,jumbo
ジャンル,ジャンル,N,genre
私有,しゆう,N,private ownership
収益,しゅうえき,N,"earnings, proceeds, returns"
修学,しゅうがく,N,learning
周期,しゅうき,N,"cycle, period"
衆議院,しゅうぎいん,N,"Lower House, House of Representatives"
就業,しゅうぎょう,N,"employment, starting work"
従業員,じゅうぎょういん,N,"employee, worker"
集計,しゅうけい,N,"totalization, aggregate"
襲撃,しゅうげき,N,"attack, charge, raid"
収支,しゅうし,N,income and expenditure
終始,しゅうし,N,from beginning to end; consistent(ly)
修士,しゅうし,N,Masters degree program
従事,じゅうじ,N,"engaging, pursuing, following"
終日,しゅうじつ,N,all day
充実,じゅうじつ,N,"fullness, perfection"
収集,しゅうしゅう,N,"gathering up, collection"
十字路,じゅうじろ,N,crossroads
執着,しゅうじゃく,N,"attachment, adhesion, tenacity"
柔軟,じゅうなん,N,flexible
収容,しゅうよう,N,accommodation; seating; custody
従来,じゅうらい,N,"up to now, so far, traditional"
守衛,しゅえい,N,"security guard, doorkeeper"
主演,しゅえん,N,"starring, playing the leading part"
主観,しゅかん,N,"subjectivity, subject, ego"
修行,しゅぎょう,N,"pursuit of knowledge, training, ascetic practice"
塾,じゅく,N,after-school (cram) school
祝賀,しゅくが,N,"celebration, congratulations"
宿命,しゅくめい,N,"fate, destiny, predestination"
手芸,しゅげい,N,handicrafts
主権,しゅけん,N,sovereignty
主催,しゅさい,N,"organization, sponsorship, to host"
取材,しゅざい,N,"coverage, collecting data"
趣旨,しゅし,N,"object, meaning"
種々,しゅじゅ,N,variety
主食,しゅしょく,N,staple food
主人公,しゅじんこう,N,protagonist
主体,しゅたい,N,"subject, main constituent"
主題,しゅだい,N,"subject, theme, motif"
出演,しゅつえん,N,"leading performer, stage appearance"
出血,しゅっけつ,N,bleeding
出現,しゅつげん,N,"appearance, arrival"
出産,しゅっさん,N,childbirth
出社,しゅっしゃ,N,come to work
出生,しゅっしょう,N,birth
微量,びりょう,N,"minuscule amount, extremely small quantity"
昼飯,ひるめし,N,lunch (mid-day meal)
比例,ひれい,N,proportion
疲労,ひろう,N,"fatigue, weariness"
敏感,びんかん,N,"sensibility, susceptibility, sensitive (to)"
貧困,ひんこん,N,"poverty, lack"
品質,ひんしつ,N,quality
貧弱,ひんじゃく,N,"poor, meager, insubstantial"
品種,ひんしゅ,N,"breed, type, variety"
ヒント,ヒント,N,hint
頻繁,ひんぱん,N,frequency
貧乏,びんぼう,N,"poverty, destitute, poor"
ファイト,ファイト,N,fight
ファイル,ファイル,N,file; portfolio
ファン,ファン,N,fan
不意,ふい,N,"sudden, abrupt, unexpected"
フィルタ,フィルタ,N,filter
封,ふう,N,seal
封鎖,ふうさ,N,"blockade, freezing (funds)"
風車,ふうしゃ,N,windmill
風習,ふうしゅう,N,custom
風俗,ふうぞく,N,"manners, customs; sex industry"
ブーツ,ブーツ,N,boots
風土,ふうど,N,"natural features, climate"
ブーム,ブーム,N,boom
フォーム,フォーム,N,foam; form
部下,ぶか,N,one's subordinate
不可欠,ふかけつ,N,"indispensable, essential"
ぶかぶか,ぶかぶか,N,"too big, baggy"
不吉,ふきつ,N,"ominous, sinister, bad luck, ill omen"
不況,ふきょう,N,"recession, depression, slump"
布巾,ふきん,N,dish cloth
複合,ふくごう,N,"composite, complex"
福祉,ふくし,N,"welfare, well-being"
覆面,ふくめん,N,"mask, veil, disguise"
膨れる,ふくれる,V,"to swell (out), to be inflated, to bulge"
不景気,ふけいき,N,"business recession, hard times, depression"
耽る,ふける,V,"to indulge in, to give oneself up to, to be absorbed in"
老ける,ふける,V,to age
富豪,ふごう,N,"wealthy person, millionaire"
布告,ふこく,N,"edict, ordinance, proclamation"
ブザー,ブザー,N,buzzer
負債,ふさい,N,"debt, liabilities"
不在,ふざい,N,absence
ふさわしい,ふさわしい,N,appropriate
不順,ふじゅん,N,"irregularity, unseasonableness"
負傷,ふしょう,N,"injury, wound"
侮辱,ぶじょく,N,"insult, contempt, slight"
不審,ふしん,N,"suspicious, doubt, infidelity"
不振,ふしん,N,"dullness, slump, stagnation"
武装,ぶそう,N,"arms, armament, armed"
負担,ふたん,N,burden; load
不調,ふちょう,N,"bad condition, disorder, slump"
復活,ふっかつ,N,"revival (e.g., musical), restoration"
物議,ぶつぎ,N,public discussion (criticism)
復旧,ふっきゅう,N,"restoration, restitution, rehabilitation"
復興,ふっこう,N,"revival, renaissance, reconstruction"
物資,ぶっし,N,"goods, materials"
仏像,ぶつぞう,N,Buddhist image (statue)
物体,ぶったい,N,object
沸騰,ふっとう,N,"boiling, seething"
不当,ふとう,N,"injustice, impropriety, unfair"
不動産,ふどうさん,N,real estate
無難,ぶなん,N,"safety, security"
赴任,ふにん,N,(proceeding to) new appointment
腐敗,ふはい,N,"decay, depravity"
不評,ふひょう,N,"bad reputation, disgrace, unpopularity"
不服,ふふく,N,"dissatisfaction, discontent, disapproval"
普遍,ふへん,N,"universality, ubiquity, omnipresence"
踏まえる,ふまえる,V,"to be based on, to have origin in"
踏み込む,ふみこむ,V,"to step into (someone else's territory, to break into, to raid"
不明,ふめい,N,"unknown, ambiguous"
部門,ぶもん,N,"class, group, category, department, field, branch"
扶養,ふよう,N,"support, maintenance"
ふらふら,ふらふら,N,"unsteady on one's feet, totter, dizzy"
ぶらぶら,ぶらぶら,N,"dangle heavily, sway to and fro, stroll idly"
振り返る,ふりかえる,V,"to turn head, to turn around, to look back"
振り出し,ふりだし,N,"outset, starting point, drawing or issuing (draft)"
不良,ふりょう,N,"badness, delinquent, failure"
浮力,ふりょく,N,buoyancy
武力,ぶりょく,N,"armed might, military power, the sword, force"
ブル,ブル,N,bull
震わせる,ふるわせる,V,"to be shaking, to be trembling"
無礼,ぶれい,N,"impolite, rude"
付録,ふろく,N,"appendix, supplement"
フロント,フロント,N,front
憤慨,ふんがい,N,"indignation, resentment"
文化財,ぶんかざい,N,"cultural assets, cultural property"
分業,ぶんぎょう,N,"division of labor, specialization, assembly-line production"
文語,ぶんご,N,"written language, literary language"
分散,ぶんさん,N,"dispersion, decentralization, variance (statistics)"
分子,ぶんし,N,"numerator, molecule"
紛失,ふんしつ,N,losing something
噴出,ふんしゅつ,N,"spewing, gushing, spouting"
文書,ぶんしょ,N,"document, writing"
紛争,ふんそう,N,"dispute, trouble, strife"
ふんだん,ふんだん,N,"plentiful, abundant, lavish"
分担,ぶんたん,N,"apportionment, sharing"
奮闘,ふんとう,N,"hard struggle, strenuous effort"
分配,ぶんぱい,N,"division, sharing"
分母,ぶんぼ,N,denominator
粉末,ふんまつ,N,fine powder
分離,ぶんり,N,"separation, detachment, segregation"
分裂,ぶんれつ,N,"split, division, break up"
ペア,ペア,N,"pair, pear"
兵器,へいき,N,"arms, weapons, ordinance"
閉口,へいこう,N,shut mouth
閉鎖,へいさ,N,"closing, closure, shutdown"
兵士,へいし,N,soldier
平常,へいじょう,N,"normal, usual"
平方,へいほう,N,"square (e.g., meter, square)"
並列,へいれつ,N,"arrangement, parallel, abreast"
ベース,ベース,N,"base, bass"
辟易,へきえき,N,"wince, shrink back, succumbing to, being frightened"
ぺこぺこ,ぺこぺこ,N,"fawn, be very hungry"
ベスト,ベスト,N,best; vest
ベストセラー,ベストセラー,N,best-seller
隔たる,へだたる,V,to be distant
へりくだる,へりくだる,V,to deprecate oneself and praise the listener
弁解,べんかい,N,"explanation, justification, excuse"
変革,へんかく,N,"change, reform(the) Reformation"
返還,へんかん,N,"return, restoration"
便宜,べんぎ,N,"convenience, accommodation"
偏見,へんけん,N,"prejudice, narrow view"
弁護,べんご,N,"defense, pleading, advocacy"
返済,へんさい,N,repayment
弁償,べんしょう,N,"compensation, reparation, reimbursement"
変遷,へんせん,N,"change, transition, vicissitudes"
返答,へんとう,N,reply
変動,へんどう,N,"change, fluctuation"
弁論,べんろん,N,"discussion, debate, argument"
穂,ほ,N,"ear (of plant), head (of plant)"
保育,ほいく,N,"nursing, nurturing, rearing"
ボイコット,ボイコット,N,boycott
ポイント,ポイント,N,point
法案,ほうあん,N,bill (law)
防衛,ぼうえい,N,"defense, protection, self-defense"
防火,ぼうか,N,"fire prevention, fire fighting, fire proof"
崩壊,ほうかい,N,"collapse, decay (physics), crumbling"
妨害,ぼうがい,N,"disturbance, obstruction, interference"
法学,ほうがく,N,"law, jurisprudence"
封建,ほうけん,N,feudalistic
豊作,ほうさく,N,"abundant harvest, bumper crop"
方策,ほうさく,N,"plan, policy"
奉仕,ほうし,N,"attendance, service"
方式,ほうしき,N,"form, method, system"
放射,ほうしゃ,N,"radiation, emission"
放射能,ほうしゃのう,N,radioactivity
報酬,ほうしゅう,N,"remuneration, recompense, reward"
放出,ほうしゅつ,N,"release, emit"
報じる,ほうじる,V,"to inform, to report"
報ずる,ほうずる,V,"to inform, to report"
紡績,ぼうせき,N,spinning
呆然,ぼうぜん,N,"dumbfounded, overcome with surprise"
放置,ほうち,N,"leave as is, leave alone, neglect"
膨張,ぼうちょう,N,"expansion, swelling, increase"
法廷,ほうてい,N,courtroom
報道,ほうどう,N,"coverage, report"
冒頭,ぼうとう,N,"beginning, start, outset"
暴動,ぼうどう,N,"insurrection, riot, uprising"
褒美,ほうび,N,"reward, prize"
暴風,ぼうふう,N,"storm, windstorm, gale"
葬る,ほうむる,V,"to bury, to entomb"
放り込む,ほうりこむ,V,to throw into
放り出す,ほうりだす,V,"to throw out, to give up, to abandon"
暴力,ぼうりょく,N,violence
飽和,ほうわ,N,saturation
ホース,ホース,N,hose
ポーズ,ポーズ,N,pause
ホール,ホール,N,hall; hole
保温,ほおん,N,"retaining warmth, keeping heat in, heat insulation"
捕獲,ほかく,N,"capture, seizure"
保管,ほかん,N,"custody, safekeeping, storage"
補給,ほきゅう,N,"supply, supplying, replenishment"
補強,ほきょう,N,reinforcement
募金,ぼきん,N,"fund-raising, collection of funds"
牧師,ぼくし,N,"pastor, minister, clergyman"
捕鯨,ほげい,N,whaling
惚ける,ぼける,V,"to grow senile, to fade"
保険,ほけん,N,"insurance, guarantee"
母校,ぼこう,N,alma mater
母国,ぼこく,N,one's home country (same as 自分の国 (じぶんのくに))
誇る,ほこる,V,"to boast of, to be proud of"
綻びる,ほころびる,V,"to come apart at the seams, to smile broadly"
ポジション,ポジション,N,position
干し物,ほしもの,N,dried washing (clothes
保守,ほしゅ,N,"conservative, maintaining"
補充,ほじゅう,N,"supplementation, replenishment, replenishing"
補助,ほじょ,N,"assistance, support, auxiliary"
舗装,ほそう,N,"pavement, road surface"
補足,ほそく,N,"supplement, complement"
墓地,ぼち,N,"cemetery, graveyard"
発作,ほっさ,N,"fit, attack"
没収,ぼっしゅう,N,forfeited
発足,ほっそく,N,"starting, inauguration"
ポット,ポット,N,pot
ほっぺた,ほっぺた,N,cheek
ぼつぼつ,ぼつぼつ,N,"gradually, here and there, spots"
没落,ぼつらく,N,"ruin, fall, collapse"
施す,ほどこす,V,"to give, to conduct, to perform"
ほとり,ほとり,N,vicinity of lake; river
ぼやく,ぼやく,V,"to grumble, to complain"
ぼやける,ぼやける,V,"to become dim, to become blurred"
保養,ほよう,N,"health preservation, recuperation, recreation"
捕虜,ほりょ,N,prisoner of war
ボルト,ボルト,N,volt; bolt
滅びる,ほろびる,V,"to be ruined, to perish, to be destroyed"
滅ぼす,ほろぼす,V,"to destroy, to overthrow, to ruin"
本格,ほんかく,N,"propriety, full-scale"
本館,ほんかん,N,main building
本気,ほんき,N,"seriousness, truth, sanctity"
本国,ほんごく,N,one's own country
本質,ほんしつ,N,"essence, true nature, reality"
本体,ほんたい,N,"substance, body, trunk"
本音,ほんね,N,"(one's) real intention, motive"
本能,ほんのう,N,instinct
本場,ほんば,N,"home, best place, genuine"
ポンプ,ポンプ,N,pump
本文,ほんぶん,N,"text (of document), body (of letter)"
本名,ほんみょう,N,real name
マーク,マーク,N,mark
マイクロフォン,マイクロフォン,N,microphone
埋蔵,まいぞう,N,"buried property, treasure trove"
舞う,まう,V,"to dance, to flutter about, to revolve"
真上,まうえ,N,"just above, right overhead"
前売,まえうり,N,"advance sale, booking"
前置き,まえおき,N,"preface, introduction"
任す,まかす,V,"to entrust, to leave to a person"
負かす,まかす,V,to defeat
賄う,まかなう,V,"to give board to, to provide meals, to pay"
紛らわしい,まぎらわしい,N,"confusing, misleading, ambiguous"
紛れる,まぎれる,V,"to be diverted, to slip into"
真心,まごころ,N,"sincerity, devotion"
まごつく,まごつく,V,"to be confused, to be flustered"
誠,まこと,N,"truth, faith, fidelity"
誠に,まことに,V,"indeed, really (very polite), absolutely"
まさしく,まさしく,N,"surely, no doubt, evidently"
勝る,まさる,V,"to excel, to surpass, to out-rival"
交える,まじえる,V,"to mix, to converse with, to cross (swords)"
真下,ました,N,"right under, directly below"
まして,まして,V,"still more, still less (with neg. verb), to say nothing of"
交わる,まじわる,V,"to cross, to intersect, to mingle with,"
麻酔,ますい,N,anesthesia
待ち合わせ,まちあわせ,N,appointment
待ち遠しい,まちどおしい,N,looking forward to
待ち望む,まちのぞむ,V,"to look anxiously for, to wait eagerly for"
まちまち,まちまち,N,"various, different"
末期,まっき,N,"deathbed, hour of death"
真っ二つ,まっぷたつ,N,in two equal parts
まと,まと,N,"mark, target"
纏まり,まとまり,N,"conclusion, settlement, consistency"
纏め,まとめ,N,"settlement, conclusion"
免れる,まぬがれる,V,"to escape from, to be exempted"
招き,まねき,N,invitation
瞬き,まばたき,N,"wink, twinkling (of stars), flicker (of light)"
麻痺,まひ,N,"paralysis, palsy, numbness"
眉,まゆ,N,eyebrow
鞠,まり,N,ball
丸ごと,まるごと,N,"in its entirety, whole, wholly"
まるっきり,まるっきり,N,"completely, perfectly, just as if"
丸々,まるまる,N,completely
丸める,まるめる,V,"to make round, to round off, to roll up"
満月,まんげつ,N,full moon
満場,まんじょう,N,"unanimous, whole audience"
真ん前,まんまえ,N,"right in front, under the nose"
真ん丸い,まんまるい,N,perfectly circular
真ん円い,まんまるい,N,perfectly round
見合い,みあい,N,formal marriage interview
見合わせる,みあわせる,V,to exchange glances; to postpone
見落とす,みおとす,V,"to overlook, to fail to notice"
未開,みかい,N,"savage land, backward region, uncivilized"
味覚,みかく,N,"taste, palate, sense of taste"
幹,みき,N,(tree) trunk
見苦しい,みぐるしい,N,"unsightly, ugly"
見込み,みこみ,N,"prospects, expectation, hope"
未婚,みこん,N,unmarried
未熟,みじゅく,N,"inexperience, unskilled, immature"
微塵,みじん,N,"particle, atom"
水気,みずけ,N,"moisture, dampness"
ミスプリント,ミスプリント,N,misprint
みすぼらしい,みすぼらしい,N,"shabby, seedy"
ミセス,ミセス,N,Mrs.
見せびらかす,みせびらかす,V,"to show off, to flaunt"
見せ物,みせもの,N,"show, exhibition"
満たす,みたす,V,"to satisfy, to ingratiate, to fill, to fulfill"
乱す,みだす,V,"to throw out of order, to disarrange, to disturb"
乱れる,みだれる,V,"to get confused, to be disordered, to be disturbed"
未知,みち,N,not yet known
身近,みぢか,N,"near oneself, close to one, familiar"
導く,みちびく,V,"to be guided, to be shown"
密集,みっしゅう,N,"crowd, close formation, dense"
密接,みっせつ,N,"connected, close, intimate"
密度,みつど,N,density
見積もり,みつもり,N,"estimation, quotation"
未定,みてい,N,"not yet fixed, undecided, pending"
見通し,みとおし,N,"perspective, unobstructed view, prospect"
見なす,みなす,V,"to consider as, to regard"
源,みなもと,N,"source, origin"
見習う,みならう,V,to follow another's example
身なり,みなり,N,personal appearance
峰,みね,N,"peak, ridge"
身の上,みのうえ,N,"one's future, one's welfare, one's personal history"
見逃す,みのがす,V,"to miss, to overlook, to leave at large"
身の回り,みのまわり,N,"one's personal appearance, personal belongings"
見計らう,みはからう,V,to choose at one's own discretion
見晴らし,みはらし,N,view
身振り,みぶり,N,gesture
脈,みゃく,N,pulse
ミュージック,ミュージック,N,music
未練,みれん,N,"lingering affection, attachment, regret(s)"
見渡す,みわたす,V,"to look out over, to survey (scene), to take an extensive view of"
民宿,みんしゅく,N,private house providing lodging and meals to tourists
民族,みんぞく,N,"people, race"
民俗,みんぞく,N,folk customs
無意味,むいみ,N,"nonsense, no meaning"
ムード,ムード,N,mood
無口,むくち,N,reticence
婿,むこ,N,son-in-law
無効,むこう,N,"invalid, no effect, unavailable"
無言,むごん,N,silence
無邪気,むじゃき,N,"innocence, simple-mindedness"
むしる,むしる,V,"to pluck, to pick, to tear"
結び,むすび,N,"ending, conclusion, union"
結び付き,むすびつき,N,"connection, relation"
結び付く,むすびつく,V,"to be connected or related, to join together"
結び付ける,むすびつける,V,"to combine, to join, to tie on, to attach with a knot"
無線,むせん,N,"wireless, radio"
無駄遣い,むだづかい,N,"waste money on, squander money on"
無断,むだん,N,"without permission, without notice"
無知,むち,N,ignorance
無茶,むちゃ,N,"absurd, unreasonable"
無茶苦茶,むちゃくちゃ,N,"confused, jumbled, mixed up, unreasonable"
空しい,むなしい,N,"vacant, futile, vain"
無念,むねん,N,"chagrin, regret"
無能,むのう,N,"inefficiency, incompetence"
無闇に,むやみに,N,"unreasonably, absurdly, at random"
無用,むよう,N,"useless, needlessness, unnecessariness"
斑,むら,N,"unevenness, inconsistency, irregularity"
群がる,むらがる,V,"to swarm, to gather"
無論,むろん,N,"of course, naturally"
名産,めいさん,N,noted product
名称,めいしょう,N,name
命中,めいちゅう,N,a hit
明白,めいはく,N,"obvious, clear"
名簿,めいぼ,N,register of names
名誉,めいよ,N,"honor, credit, prestige"
明瞭,めいりょう,N,clarity
明朗,めいろう,N,"bright, clear, cheerful"
メーカー,メーカー,N,manufacturer
目方,めかた,N,weight
恵み,めぐみ,N,blessing
恵む,めぐむ,V,"to bless, to show mercy to"
目覚しい,めざましい,N,"brilliant, remarkable"
目覚める,めざめる,V,to wake up
召す,めす,V,"to call, to send for, to put on"
雌,めす,N,female (animal)
目付き,めつき,N,"look, expression of the eyes, eyes"
滅亡,めつぼう,N,"downfall, collapse, destruction"
メディア,メディア,N,media
目途,めど,N,"goal, outlook"
目盛,めもり,N,"scale, gradations"
メロディー,メロディー,N,melody
面会,めんかい,N,interview
免除,めんじょ,N,"exemption, exoneration, discharge"
面する,めんする,V,"to face on, to look out on to"
面目,めんぼく,N,"face, honor, reputation"
設ける,もうける,V,"to create, to establish"
申し入れる,もうしいれる,V,"to propose, to suggest"
申込,もうしこみ,N,"application, request, proposal"
申出,もうしで,N,"request, claim, report"
申し出る,もうしでる,V,"to report to, to tell, to suggest"
申し分,もうしぶん,N,"objection, shortcomings"
盲点,もうてん,N,blind spot
猛烈,もうれつ,N,"violent, vehement, rage"
モーテル,モーテル,N,motel
もがく,もがく,V,"to struggle, to wriggle, to be impatient"
目録,もくろく,N,"catalogue, catalog, list"
目論見,もくろみ,N,"a plan, a scheme, intention"
模型,もけい,N,"model, dummy, marquette"
模索,もさく,N,groping (for)
もしかして,もしかして,N,"perhaps, possibly"
もしくは,もしくは,N,"or, otherwise"
もたらす,もたらす,V,"to bring, to take, to bring about"
持ち切り,もちきり,N,"hot topic, talk of the town"
専ら,もっぱら,N,"wholly, solely, entirely"
もてなす,もてなす,V,"to entertain, to make welcome"
もてる,もてる,V,"to be well liked, to be popular"
モニター,モニター,N,(computer) monitor
物好き,ものずき,N,(idle) curiosity
物足りない,ものたりない,N,"unsatisfied, unsatisfactory"
もはや,もはや,N,"already, now"
模範,もはん,N,"model, example"
模倣,もほう,N,"imitation, copying"
もめる,もめる,V,"to disagree, to dispute"
腿,もも,N,"thigh, femur"
催す,もよおす,V,"to hold (a meeting), to give (a dinner)"
漏らす,もらす,V,"to let leak, to reveal"
盛り上がる,もりあがる,V,"to rouse, to swell, to rise"
漏る,もる,V,"to leak, to run out"
漏れる,もれる,V,"to leak out, to escape, to filter out"
脆い,もろい,N,"brittle, fragile, tender-hearted"
もろに,もろに,N,"completely, altogether, bodily"
矢,や,N,arrow
野外,やがい,N,"fields, outskirts, open air, suburbs"
夜具,やぐ,N,bedding
役職,やくしょく,N,"post, managerial position, official position"
役場,やくば,N,town hall
やけに,やけに,N,"sure, very"
屋敷,やしき,N,mansion
養う,やしなう,V,"to rear, to maintain, to cultivate"
野心,やしん,N,"ambition, aspiration"
安っぽい,やすっぽい,N,"cheap-looking, tawdry"
休める,やすめる,V,"to rest, to suspend, to give relief"
野生,やせい,N,wild
奴,やつ,V,"(vulg.) fellow, guy, chap"
闇,やみ,N,"darkness, shady, illegal"
病む,やむ,V,"to fall ill, to be ill"
ややこしい,ややこしい,N,"puzzling, tangled, complicated, complex"
やりとおす,やりとおす,V,"to carry through, to achieve, to complete"
やりとげる,やりとげる,V,to accomplish
和らげる,やわらげる,V,"to soften, to moderate, to relieve"
ヤング,ヤング,N,young
優位,ゆうい,N,"predominance, ascendancy, superiority"
憂鬱,ゆううつ,N,"depression, melancholy"
有益,ゆうえき,N,"beneficial, profitable"
優越,ゆうえつ,N,"supremacy, predominance, being superior to"
勇敢,ゆうかん,N,"bravery, heroism, gallantry"
夕暮れ,ゆうぐれ,N,"evening, (evening) twilight"
融資,ゆうし,N,"financing, loan"
有する,ゆうする,V,"to own, to be endowed with"
優勢,ゆうせい,N,"superiority, superior power, predominance"
優先,ゆうせん,N,"preference, priority"
誘導,ゆうどう,N,"guidance, leading, inducement"
融通,ゆうずう,N,"adaptability, versatility, finance"
優美,ゆうび,N,"grace, refinement, elegance"
有望,ゆうぼう,N,"good prospects, full of hope, promising"
遊牧,ゆうぼく,N,nomadism
夕焼け,ゆうやけ,N,sunset
有力,ゆうりょく,N,"influence, prominence; potent"
幽霊,ゆうれい,N,"ghost, specter, phantom"
誘惑,ゆうわく,N,"temptation, allurement, lure"
故,ゆえ,N,"reason, cause, circumstances"
歪む,ゆがむ,V,"to warp, to be crooked, to be distorted"
揺さぶる,ゆさぶる,V,"to shake, to jolt, to rock, to swing"
ゆとり,ゆとり,N,"reserve, affluence, time (to spare)"
ユニーク,ユニーク,N,unique
ユニフォーム,ユニフォーム,N,uniform
指差す,ゆびさす,V,to point at
弓,ゆみ,N,bow
揺らぐ,ゆらぐ,V,"to swing, to sway, to shake"
緩む,ゆるむ,V,"to become loose, to slacken"
緩める,ゆるめる,V,"to loosen, to slow down"
緩やか,ゆるやか,N,lenient
要因,よういん,N,"primary factor, main cause"
溶液,ようえき,N,solution
用件,ようけん,N,business
養護,ようご,N,"protection, nursing, protective care"
用紙,ようし,N,a form
様式,ようしき,N,"style, form, pattern"
要する,ようする,V,"to demand, to require, to take"
要請,ようせい,N,"claim, demand, request, application"
様相,ようそう,N,aspect
用品,ようひん,N,"articles, supplies, parts"
洋風,ようふう,N,western style
用法,ようほう,N,"directions, rules of use"
要望,ようぼう,N,"demand for, request"
余暇,よか,N,"leisure, leisure time, spare time"
予感,よかん,N,"presentiment, premonition"
余興,よきょう,N,"side show, entertainment"
預金,よきん,N,"deposit, bank account"
欲,よく,N,"greed, wants"
抑圧,よくあつ,N,"restraint, oppression, suppression"
浴室,よくしつ,N,"bathroom, bath"
抑制,よくせい,N,"control, restraint, suppression"
欲深い,よくふかい,N,greedy
欲望,よくぼう,N,"desire, appetite"
予言,よげん,N,"prediction, promise, prognostication"
横綱,よこづな,N,sumo grand champion
汚れ,よごれ,N,"dirt, filth"
よし (かん),よし (かん),N,all right!
良し,よし,N,all right!
善し悪し,よしあし,N,"good or bad, merits or demerits, quality"
余所見,よそみ,N,"looking away, looking aside"
余地,よち,N,"place, room, margin"
よって (よりどころ),よって (よりどころ),N,"therefore, consequently"
与党,よとう,N,"government party, (ruling) party in power, government"
呼び止める,よびとめる,V,to flag down
夜更し,よふかし,N,"staying up late, keeping late hours"
夜更け,よふけ,N,late at night
余程,よほど,N,"very, much, to a large extent, quite"
読み上げる,よみあげる,V,"to read out loud (and clearly), to call a roll"
寄り掛かる,よりかかる,V,"to lean against, to recline on, to lean on, to rely on"
弱る,よわる,V,"to weaken, to be troubled, to be emaciated"
来場,らいじょう,N,attendance
ライス,ライス,N,rice
酪農,らくのう,N,dairy farming
落下,らっか,N,"fall, drop, come down"
楽観,らっかん,N,optimism
ランプ,ランプ,N,lamp; ramp
濫用,らんよう,N,"abuse, misuse, using to excess"
リード,リード,N,lead; reed
理屈,りくつ,N,"theory, reason"
利子,りし,N,interest (bank)
利潤,りじゅん,N,"profit, returns"
理性,りせい,N,"reason, sense"
利息,りそく,N,interest (bank)
立体,りったい,N,solid body
立方,りっぽう,N,cube
立法,りっぽう,N,"legislation, lawmaking"
利点,りてん,N,"advantage, point in favor"
略奪,りゃくだつ,N,"pillage, looting, robbery"
略語,りゃくご,N,"abbreviation, acronym"
流通,りゅうつう,N,"circulation of money or goods, distribution"
領域,りょういき,N,"area, territory, region"
了解,りょうかい,N,"comprehension, consent, understanding"
領海,りょうかい,N,territorial waters
両極,りょうきょく,N,"both extremities, north and south poles"
良好,りょうこう,N,"favorable, satisfactory"
良識,りょうしき,N,good sense
良質,りょうしつ,N,"good quality, superior quality"
了承,りょうしょう,N,"acknowledgment, understanding"
良心,りょうしん,N,conscience
領地,りょうち,N,territory
領土,りょうど,N,"territory, possession"
両立,りょうりつ,N,"compatibility, coexistence, standing together"
旅客,りょかく,N,passenger
旅券,りょけん,N,passport
履歴,りれき,N,"personal history, background, log"
理論,りろん,N,theory
林業,りんぎょう,N,forestry
類,るい,N,"kind, class, family"
類推,るいすい,N,analogy
類似,るいじ,N,analogous
ルーズ,ルーズ,N,loose
冷酷,れいこく,N,"cruelty, coldheartedness, ruthless"
冷蔵,れいぞう,N,refrigeration
冷淡,れいたん,N,"coolness, indifference"
レース,レース,N,race; lace
レギュラー,レギュラー,N,regular
レッスン,レッスン,N,lesson
レディー,レディー,N,lady
レバー,レバー,N,lever; liver
恋愛,れんあい,N,"love, romance"
バッテリー,バッテリー,N,battery
バット,バット,N,"bat, vat"
発病,はつびょう,N,"attack, to become sick"
初耳,はつみみ,N,something heard for the first time
果て,はて,N,"the end, the extremity, the limit(s)"
果てる,はてる,V,"to end, to be finished, to be exhausted"
ばてる,ばてる,V,"to be exhausted, to be worn out"
パトカー,パトカー,N,patrol car
甚だ,はなはだ,N,"very, greatly, exceedingly"
華々しい,はなばなしい,N,"brilliant, magnificent, spectacular"
花びら,はなびら,N,(flower) petal
華やか,はなやか,N,"brilliant, gorgeous, florid"
阻む,はばむ,V,"to keep someone from doing, to stop, to oppose"
浜,はま,N,"beach, seashore"
浜辺,はまべ,N,"beach, foreshore"
はまる,はまる,V,"to get into, to go into, to fit, to be fit for, to suit"
早める,はやめる,V,"to hasten, to quicken, to accelerate"
腹立ち,はらだち,N,anger
原っぱ,はらっぱ,N,"open field, empty lot, plain"
はらはら,はらはら,N,feel nervous
ばらまく,ばらまく,V,"to disseminate, to scatter"
張り紙,はりがみ,N,"notice, poster"
遥か,はるか,N,"far, far-away, distant"
破裂,はれつ,N,"explosion, rupture, break off"
腫れる,はれる,V,"to swell (from inflammation, to become swollen)"
繁栄,はんえい,N,"prospering, prosperity, flourishing"
版画,はんが,N,art print
ハンガー,ハンガー,N,(coat) hanger
反感,はんかん,N,"antipathy, revolt, animosity"
反響,はんきょう,V,"echo, reverberation, repercussion"
パンク,パンク,N,"puncture, bursting; punk"
反撃,はんげき,N,"counterattack, counteroffensive, counterblow"
判決,はんけつ,N,"judicial decision, judgment, sentence, decree"
反射,はんしゃ,V,"reflection, reverberation"
繁盛,はんじょう,N,"prosperity, flourishing, thriving"
繁殖,はんしょく,N,"breed, multiply, propagation"
反する,はんする,V,"to be inconsistent with, to oppose, to contradict"
判定,はんてい,N,"judgment, decision, award, verdict"
万人,ばんにん,N,"all people, everybody, 10000 people"
晩年,ばんねん,N,(one's) last years
反応,はんのう,N,"reaction, response"
万能,ばんのう,N,"all-purpose, almighty, omnipotent"
半端,はんぱ,N,"fragment, fraction, incompleteness"
反発,はんぱつ,N,"repelling, rebound, oppose"
反乱,はんらん,N,"rebellion, revolt, uprising"
氾濫,はんらん,N,"overflowing, flood"
美,び,N,beauty
ひいては,ひいては,N,"not only…but also, in addition to, consequently"
ビールス,ビールス,N,virus
控室,ひかえしつ,N,waiting room
控える,ひかえる,V,to hold back; to make notes
悲観,ひかん,N,"pessimism, disappointment"
引き上げる,ひきあげる,V,"to withdraw, to leave, to pull out"
率いる,ひきいる,V,"to lead, to spearhead (a group), to command (troops)"
引き起こす,ひきおこす,V,to cause
引下げる,ひきさげる,V,"to pull down, to lower, to reduce, to withdraw"
引きずる,ひきずる,V,"to drag along, to pull, to prolong"
引取る,ひきとる,V,to take back; to adopt; to leave
否決,ひけつ,N,"rejection, negation, voting down"
日頃,ひごろ,N,"normally, habitually"
久しい,ひさしい,N,"long, long-continued, old (story)"
悲惨,ひさん,N,"tragedy, disaster; misery, wretched, pitiful"
ビジネス,ビジネス,N,business
比重,ひじゅう,N,specific gravity
美術,びじゅつ,N,"art, fine arts"
秘書,ひしょ,N,(private) secretary
微笑,びしょう,N,smile
密か,ひそか,N,"secret, private, surreptitious"
浸す,ひたす,V,"to soak, to dip, to drench"
ひたすら,ひたすら,N,"nothing but, earnestly, intently"
左利き,ひだりきき,N,"left-handedness, sake drinker, left-hander"
引っ掻く,ひっかく,V,to scratch
必修,ひっしゅう,N,required (subject)
びっしょり,びっしょり,N,"wet through, drenched"
必然,ひつぜん,N,"inevitable, necessary"
匹敵,ひってき,N,"comparing with, rival, equal"
一息,ひといき,N,"a breath, a pause, an effort"
人影,ひとかげ,N,"man's shadow, soul"
人柄,ひとがら,N,"personality, character"
一頃,ひところ,N,"once, some time ago"
人質,ひとじち,N,hostage
一筋,ひとすじ,N,"a line, earnestly, blindly, straightforwardly"
人目,ひとめ,N,"glimpse, public gaze"
日取り,ひどり,N,"fixed date, appointed day"
雛,ひな,N,"young bird, chick, doll"
雛祭,ひなまつり,N,Girls' (dolls') Festival
日向,ひなた,N,"sunny place, in the sun"
非難,ひなん,N,"blame, attack, criticism"
避難,ひなん,N,"taking refuge, finding shelter"
日の丸,ひのまる,N,the Japanese flag
火花,ひばな,N,spark
悲鳴,ひめい,N,"shriek, scream"
冷やかす,ひやかす,V,"to banter, to make fun of, to jeer at, to cool, to refrigerate"
日焼け,ひやけ,N,sunburn
標語,ひょうご,N,"motto, slogan, catchword"
描写,びょうしゃ,N,"depiction, description, portrayal"
ひょっと,ひょっと,N,"possibly, accidentally"
びら,びら,N,"handout, leaflet"
平たい,ひらたい,N,"flat, even, level"
びり,びり,N,"last on the list, at the bottom"
比率,ひりつ,N,"ratio, proportion, percentage"
